CRM_ID,hits_customDimensions_value,gender,birthday,state_code,annual_income_dollar,create_date,customer_level,CV_flag
1000001,112192889.1407927978,M,6/20/1954,WA,65000,6/20/2012,Bronze,0
1000002,123139122.1408273999,M,1/21/1989,FL,59000,4/21/2004,Gold,0
1000003,174209287.1408228726,M,4/5/1974,CA,240000,6/17/1992,Gold,0
1000004,174257283.1406647919,F,12/12/1960,WA,24000,5/5/2005,Silver,0
1000005,185333971.1408244948,F,6/20/1954,TX,0,6/20/2012,Bronze,0
1000006,243643931.1408268749,M,1/21/1989,WA,56000,4/21/2004,Bronze,0
1000007,456324666.1408257914,M,4/5/1974,WA,120000,6/17/1992,Gold,0
1000008,1264434302.1408276507,M,12/12/1960,FL,4100000,5/5/2005,Gold,0
1000009,1383082435.1408275801,M,6/20/1954,CA,240000,6/20/2012,Silver,0
1000010,1881830442.1408223378,F,1/21/1989,WA,100000,4/21/2004,Bronze,0
1000011,3301985.1409962684,F,4/5/1974,TX,80000,6/17/1992,Bronze,0
1000012,302132893.1409997177,M,12/12/1960,WA,65000,5/5/2005,Gold,0
1000013,305580095.1409984048,M,6/20/1954,WA,30000,6/20/2012,Gold,0
1000014,380752573.1409930870,M,1/21/1989,FL,,4/21/2004,Silver,1
1000015,411229698.1397489822,M,4/5/1974,CA,56000,6/17/1992,Bronze,1
1000016,685827452.1410008372,F,12/12/1960,WA,0,5/5/2005,Bronze,1
1000017,832544111.1409996933,F,6/20/1954,TX,65000,6/20/2012,Gold,0
1000018,944079045.1409964636,M,1/21/1989,WA,59000,4/21/2004,Gold,0
1000019,1047532097.1410002186,M,4/5/1974,WA,240000,6/17/1992,Silver,0
1000020,1114872244.1410014751,M,12/12/1960,FL,24000,5/5/2005,Bronze,0
1000021,1140882121.1409967412,M,6/20/1954,CA,0,6/20/2012,Bronze,0
1000022,1393488660.1409987858,F,1/21/1989,WA,56000,4/21/2004,Gold,0
1000023,1555314950.1409902282,F,4/5/1974,TX,120000,6/17/1992,Gold,1
1000024,1711103451.1410001560,M,12/12/1960,WA,4100000,5/5/2005,Silver,0
1000025,2062132129.1399450167,M,6/20/1954,WA,240000,6/20/2012,Bronze,1
1000026,2062403122.1409990907,M,1/21/1989,FL,100000,4/21/2004,Bronze,1
1000027,31026822.1409373713,M,4/5/1974,CA,80000,6/17/1992,Gold,0
1000028,72505359.1409351986,F,12/12/1960,WA,65000,5/5/2005,Gold,0
1000029,202770349.1409404881,F,6/20/1954,TX,30000,6/20/2012,Silver,0
1000030,352564444.1409409711,M,1/21/1989,WA,,4/21/2004,Bronze,1
1000031,353464045.1409391473,M,4/5/1974,WA,56000,6/17/1992,Bronze,1
1000032,439185539.1409375300,M,12/12/1960,FL,65000,5/5/2005,Gold,0
1000033,481935129.1409380223,M,6/20/1954,CA,59000,6/20/2012,Gold,0
1000034,510180991.1409367078,F,1/21/1989,WA,240000,4/21/2004,Silver,0
1000035,750152955.1409369569,F,4/5/1974,TX,24000,6/17/1992,Bronze,1
1000036,927083567.1409372291,M,12/12/1960,WA,0,5/5/2005,Bronze,0
1000037,1160212159.1409379006,M,6/20/1954,WA,56000,6/20/2012,Gold,0
1000038,1172465737.1409380199,M,1/21/1989,FL,120000,4/21/2004,Gold,0
1000039,1327036839.1409378542,M,4/5/1974,CA,4100000,6/17/1992,Silver,0
1000040,1372397779.1409347847,F,12/12/1960,WA,240000,5/5/2005,Bronze,0
1000041,1463432376.1373541286,F,6/20/1954,TX,100000,6/20/2012,Bronze,0
1000042,1506589069.1409363982,M,1/21/1989,WA,80000,4/21/2004,Gold,0
1000043,1589054448.1409365369,M,4/5/1974,WA,65000,6/17/1992,Gold,0
1000044,1672950010.1409343392,M,12/12/1960,FL,30000,5/5/2005,Silver,0
1000045,1700867545.1409399682,M,6/20/1954,CA,,6/20/2012,Bronze,0
1000046,1732291916.1402864201,F,1/21/1989,WA,56000,4/21/2004,Bronze,1
1000047,1808384473.1409365193,F,4/5/1974,TX,0,6/17/1992,Gold,0
1000048,1949212675.1409374013,M,12/12/1960,WA,65000,5/5/2005,Gold,0
1000049,1985369410.1409440848,M,6/20/1954,WA,59000,6/20/2012,Silver,0
1000050,146137342.1408814976,M,1/21/1989,FL,240000,4/21/2004,Bronze,1
1000051,444000601.1408876117,M,4/5/1974,CA,24000,6/17/1992,Bronze,0
1000052,556667571.1408880784,F,12/12/1960,WA,0,5/5/2005,Gold,0
1000053,649965965.1408891662,F,6/20/1954,TX,56000,6/20/2012,Gold,1
1000054,902617711.1408860161,M,1/21/1989,WA,120000,4/21/2004,Silver,0
1000055,989389883.1408889687,M,4/5/1974,WA,4100000,6/17/1992,Bronze,0
1000056,1017341224.1399532884,M,12/12/1960,FL,240000,5/5/2005,Bronze,0
1000057,2027110704.1408879627,M,6/20/1954,CA,100000,6/20/2012,Gold,0
1000058,885291381.1407624914,F,1/21/1989,WA,80000,4/21/2004,Gold,0
1000059,903823663.1407624502,F,4/5/1974,TX,65000,6/17/1992,Silver,0
1000060,1019689915.1407649828,M,12/12/1960,WA,30000,5/5/2005,Bronze,0
1000061,1165158682.1407600146,M,6/20/1954,WA,,6/20/2012,Bronze,0
1000062,1371175981.1407676668,M,1/21/1989,FL,56000,4/21/2004,Gold,0
1000063,1441745300.1407596706,M,4/5/1974,CA,0,6/17/1992,Gold,0
1000064,1651211878.1407678441,F,12/12/1960,WA,65000,5/5/2005,Silver,0
1000065,2020304050.1407633216,F,6/20/1954,TX,59000,6/20/2012,Bronze,0
1000066,2022221704.1407650600,M,1/21/1989,WA,240000,4/21/2004,Bronze,0
1000067,133529895.1406997738,M,4/5/1974,WA,24000,6/17/1992,Gold,0
1000068,371384051.1407054192,M,12/12/1960,FL,0,5/5/2005,Gold,0
1000069,386569293.1407051217,M,6/20/1954,CA,56000,6/20/2012,Silver,0
1000070,881816342.1407046637,F,1/21/1989,WA,120000,4/21/2004,Bronze,0
1000071,993340531.1407070562,F,4/5/1974,TX,4100000,6/17/1992,Bronze,0
1000072,1102125903.1407041822,M,12/12/1960,WA,240000,5/5/2005,Gold,0
1000073,1171433498.1407058447,M,6/20/1954,WA,100000,6/20/2012,Gold,0
1000074,1307994213.1407072569,M,1/21/1989,FL,80000,4/21/2004,Silver,0
1000075,1353954992.1407065761,M,4/5/1974,CA,65000,6/17/1992,Bronze,0
1000076,1357689044.1407024570,F,12/12/1960,WA,30000,5/5/2005,Bronze,0
1000077,1622808050.1407068720,F,6/20/1954,TX,,6/20/2012,Gold,0
1000078,1738442216.1407044807,M,1/21/1989,WA,56000,4/21/2004,Gold,0
1000079,148539308.1406433886,M,4/5/1974,WA,0,6/17/1992,Silver,0
1000080,306251908.1406459962,M,12/12/1960,FL,65000,5/5/2005,Bronze,0
1000081,660335026.1406457881,M,6/20/1954,CA,59000,6/20/2012,Bronze,0
1000082,832826049.1406404172,F,1/21/1989,WA,240000,4/21/2004,Gold,0
1000083,1144742590.1359035248,F,4/5/1974,TX,24000,6/17/1992,Gold,0
1000084,1590818731.1406441661,M,12/12/1960,WA,0,5/5/2005,Silver,0
1000085,1768440125.1406446838,M,6/20/1954,WA,56000,6/20/2012,Bronze,0
1000086,19257385.1392634973,M,1/21/1989,FL,120000,4/21/2004,Bronze,1
1000087,83102040.1409013833,M,4/5/1974,CA,4100000,6/17/1992,Gold,0
1000088,232756554.1409016839,F,12/12/1960,WA,240000,5/5/2005,Gold,0
1000089,274229477.1408984589,F,6/20/1954,TX,100000,6/20/2012,Silver,0
1000090,286431025.1409032896,M,1/21/1989,WA,80000,4/21/2004,Bronze,0
1000091,320080927.1409041884,M,4/5/1974,WA,65000,6/17/1992,Bronze,0
1000092,343846122.1409032296,M,12/12/1960,FL,30000,5/5/2005,Gold,0
1000093,429495528.1408997500,M,6/20/1954,CA,,6/20/2012,Gold,0
1000094,553551413.1409029240,F,1/21/1989,WA,56000,4/21/2004,Silver,0
1000095,621739232.1409049482,F,4/5/1974,TX,0,6/17/1992,Bronze,0
1000096,681997196.1409015944,M,12/12/1960,WA,65000,5/5/2005,Bronze,0
1000097,741518999.1409019280,M,6/20/1954,WA,59000,6/20/2012,Gold,0
1000098,751899025.1409063458,M,1/21/1989,FL,240000,4/21/2004,Gold,0
1000099,773557604.1409042188,M,4/5/1974,CA,24000,6/17/1992,Silver,0
1000100,957819757.1409003617,F,12/12/1960,WA,0,5/5/2005,Bronze,0
1000101,1052077159.1409037135,F,6/20/1954,TX,56000,6/20/2012,Bronze,0
1000102,1065863480.1409050540,M,1/21/1989,WA,120000,4/21/2004,Gold,0
1000103,1076089316.1409028990,M,4/5/1974,WA,4100000,6/17/1992,Gold,1
1000104,1142171256.1409033235,M,12/12/1960,FL,240000,5/5/2005,Silver,0
1000105,1148774961.1409040918,M,6/20/1954,CA,100000,6/20/2012,Bronze,1
1000106,1254654485.1409025001,F,1/21/1989,WA,80000,4/21/2004,Bronze,0
1000107,1275297985.1409017265,F,4/5/1974,TX,65000,6/17/1992,Gold,0
1000108,1346111918.1408992974,M,12/12/1960,WA,30000,5/5/2005,Gold,0
1000109,1435107238.1409027918,M,6/20/1954,WA,,6/20/2012,Silver,0
1000110,1590144541.1409017148,M,1/21/1989,FL,56000,4/21/2004,Bronze,0
1000111,1700198028.1409021208,M,4/5/1974,CA,0,6/17/1992,Bronze,0
1000112,1741369138.1385424238,F,12/12/1960,WA,65000,5/5/2005,Gold,0
1000113,1938404479.1409016117,F,6/20/1954,TX,59000,6/20/2012,Gold,1
1000114,2028469702.1409037695,M,1/21/1989,WA,240000,4/21/2004,Silver,1
1000115,2062516069.1409027719,M,4/5/1974,WA,24000,6/17/1992,Bronze,0
1000116,2133765893.1409049109,M,12/12/1960,FL,0,5/5/2005,Bronze,0
1000117,2136593100.1409018017,M,6/20/1954,CA,56000,6/20/2012,Gold,0
1000118,72552249.1403856339,F,1/21/1989,WA,120000,4/21/2004,Gold,1
1000119,112978108.1409536157,F,4/5/1974,TX,4100000,6/17/1992,Silver,0
1000120,191813857.1409537679,M,12/12/1960,WA,240000,5/5/2005,Bronze,0
1000121,193434939.1359720089556,M,6/20/1954,WA,100000,6/20/2012,Bronze,1
1000122,217005329.1409217762,M,1/21/1989,FL,80000,4/21/2004,Gold,1
1000123,230417726.1401274970,M,4/5/1974,CA,65000,6/17/1992,Gold,0
1000124,283883835.1409500996,F,12/12/1960,WA,30000,5/5/2005,Silver,1
1000125,336555724.1409547234,F,6/20/1954,TX,,6/20/2012,Bronze,0
1000126,342844974.1409519546,M,1/21/1989,WA,56000,4/21/2004,Bronze,0
1000127,411184451.1407116379,M,4/5/1974,WA,0,6/17/1992,Gold,0
1000128,459556491.1409568113,M,12/12/1960,FL,65000,5/5/2005,Gold,0
1000129,599339078.1409280654,M,6/20/1954,CA,59000,6/20/2012,Silver,0
1000130,705082861.1409566105,F,1/21/1989,WA,240000,4/21/2004,Bronze,0
1000131,732798045.1409499194,F,4/5/1974,TX,24000,6/17/1992,Bronze,0
1000132,1063869149.1409557746,M,12/12/1960,WA,0,5/5/2005,Gold,1
1000133,1082640581.1409540931,M,6/20/1954,WA,56000,6/20/2012,Gold,0
1000134,1154674059.1409551750,M,1/21/1989,FL,120000,4/21/2004,Silver,0
1000135,1218786102.1409545892,M,4/5/1974,CA,4100000,6/17/1992,Bronze,0
1000136,1224098185.1409567881,F,12/12/1960,WA,240000,5/5/2005,Bronze,0
1000137,1276200505.1409551597,F,6/20/1954,TX,100000,6/20/2012,Gold,1
1000138,1294993922.1407459167,M,1/21/1989,WA,80000,4/21/2004,Gold,0
1000139,1441707558.1409556483,M,4/5/1974,WA,65000,6/17/1992,Silver,1
1000140,1776916878.1409556493,M,12/12/1960,FL,30000,5/5/2005,Bronze,1
1000141,1789944046.1409554818,M,6/20/1954,CA,,6/20/2012,Bronze,1
1000142,1829776980.1409563216,F,1/21/1989,WA,56000,4/21/2004,Gold,1
1000143,1840591450.1409534025,F,4/5/1974,TX,0,6/17/1992,Gold,0
1000144,1966970839.1409547892,M,12/12/1960,WA,65000,5/5/2005,Silver,1
1000145,2007139438.1409559177,M,6/20/1954,WA,59000,6/20/2012,Bronze,0
1000146,2075759123.1409531109,M,1/21/1989,FL,240000,4/21/2004,Bronze,1
1000147,2112806697.1400029839,M,4/5/1974,CA,24000,6/17/1992,Gold,0
1000148,78710466.1406598612,F,12/12/1960,WA,0,5/5/2005,Gold,0
1000149,110434912.1406632811,F,6/20/1954,TX,56000,6/20/2012,Silver,0
1000150,153163908.1406599417,M,1/21/1989,WA,120000,4/21/2004,Bronze,0
1000151,160144221.1405558992,M,4/5/1974,WA,4100000,6/17/1992,Bronze,0
1000152,167510583.1404711692,M,12/12/1960,FL,240000,5/5/2005,Gold,0
1000153,194652126.1406583889,M,6/20/1954,CA,100000,6/20/2012,Gold,0
1000154,248591491.1406601623,F,1/21/1989,WA,80000,4/21/2004,Silver,0
1000155,250128707.1406634105,F,4/5/1974,TX,65000,6/17/1992,Bronze,0
1000156,279850308.1400813478,M,12/12/1960,WA,30000,5/5/2005,Bronze,0
1000157,304376279.1406600844,M,6/20/1954,WA,,6/20/2012,Gold,0
1000158,342339149.1406611746,M,1/21/1989,FL,56000,4/21/2004,Gold,0
1000159,354462332.1406595435,M,4/5/1974,CA,0,6/17/1992,Silver,0
1000160,389146544.1406601914,F,12/12/1960,WA,65000,5/5/2005,Bronze,0
1000161,405339035.1406615996,F,6/20/1954,TX,59000,6/20/2012,Bronze,0
1000162,487192118.1406591903,M,1/21/1989,WA,240000,4/21/2004,Gold,0
1000163,525874891.1406606880,M,4/5/1974,WA,24000,6/17/1992,Gold,0
1000164,572373036.1406608045,M,12/12/1960,FL,0,5/5/2005,Silver,0
1000165,593549124.1406624706,M,6/20/1954,CA,56000,6/20/2012,Bronze,0
1000166,594828737.1406598730,F,1/21/1989,WA,120000,4/21/2004,Bronze,0
1000167,598990473.1406622107,F,4/5/1974,TX,4100000,6/17/1992,Gold,0
1000168,667612325.1406612375,M,12/12/1960,WA,240000,5/5/2005,Gold,0
1000169,814308555.1406611647,M,6/20/1954,WA,100000,6/20/2012,Silver,0
1000170,873394249.1406563426,M,1/21/1989,FL,80000,4/21/2004,Bronze,0
1000171,930859465.1406616796,M,4/5/1974,CA,65000,6/17/1992,Bronze,0
1000172,1091878496.1406629256,F,12/12/1960,WA,30000,5/5/2005,Gold,0
1000173,1194169878.1377141869,F,6/20/1954,TX,,6/20/2012,Gold,1
1000174,1202400117.1406601050,M,1/21/1989,WA,56000,4/21/2004,Silver,0
1000175,1252178369.1406618588,M,4/5/1974,WA,0,6/17/1992,Bronze,0
1000176,1255222287.1406600015,M,12/12/1960,FL,65000,5/5/2005,Bronze,0
1000177,1281962856.1406631621,M,6/20/1954,CA,59000,6/20/2012,Gold,0
1000178,1313041357.1406617674,F,1/21/1989,WA,240000,4/21/2004,Gold,0
1000179,1366749515.1406600383,F,4/5/1974,TX,24000,6/17/1992,Silver,0
1000180,1463396964.1406602318,M,12/12/1960,WA,0,5/5/2005,Bronze,0
1000181,1470890721.1406626685,M,6/20/1954,WA,56000,6/20/2012,Bronze,0
1000182,1560481669.1406607554,M,1/21/1989,FL,120000,4/21/2004,Gold,0
1000183,1659574155.1406612523,M,4/5/1974,CA,4100000,6/17/1992,Gold,0
1000184,1759777184.1406612862,F,12/12/1960,WA,240000,5/5/2005,Silver,0
1000185,1780753832.1406613033,F,6/20/1954,TX,100000,6/20/2012,Bronze,0
1000186,1810792647.1397443679,M,1/21/1989,WA,80000,4/21/2004,Bronze,1
1000187,1907121369.1401762364,M,4/5/1974,WA,65000,6/17/1992,Gold,0
1000188,1966848088.1397442165,M,12/12/1960,FL,30000,5/5/2005,Gold,1
1000189,1995213942.1406560578,M,6/20/1954,CA,,6/20/2012,Silver,0
1000190,2006559908.1406620317,F,1/21/1989,WA,56000,4/21/2004,Bronze,0
1000191,2018813860.1406594341,F,4/5/1974,TX,0,6/17/1992,Bronze,0
1000192,2038882681.1406594214,M,12/12/1960,WA,65000,5/5/2005,Gold,0
1000193,21820475.1409302481,M,6/20/1954,WA,59000,6/20/2012,Gold,0
1000194,196507680.1410145081,M,1/21/1989,FL,240000,4/21/2004,Silver,1
1000195,289903061.1410144931,M,4/5/1974,CA,24000,6/17/1992,Bronze,0
1000196,315025153.1398991869,F,12/12/1960,WA,0,5/5/2005,Bronze,0
1000197,365152734.1410152854,F,6/20/1954,TX,56000,6/20/2012,Gold,1
1000198,444115511.1410175473,M,1/21/1989,WA,120000,4/21/2004,Gold,0
1000199,467104813.1410154241,M,4/5/1974,WA,4100000,6/17/1992,Silver,0
1000200,555542698.1410138640,M,12/12/1960,FL,240000,5/5/2005,Bronze,1
1000201,664634489.1410181556,M,6/20/1954,CA,100000,6/20/2012,Bronze,0
1000202,740862308.1410155482,F,1/21/1989,WA,80000,4/21/2004,Gold,0
1000203,814108066.1410167025,F,4/5/1974,TX,65000,6/17/1992,Gold,0
1000204,978851184.1410113508,M,12/12/1960,WA,30000,5/5/2005,Silver,0
1000205,985149781.1410166620,M,6/20/1954,WA,,6/20/2012,Bronze,0
1000206,1000297146.1410146239,M,1/21/1989,FL,56000,4/21/2004,Bronze,1
1000207,1138515323.1410127088,M,4/5/1974,CA,0,6/17/1992,Gold,0
1000208,1157276545.1410146531,F,12/12/1960,WA,65000,5/5/2005,Gold,0
1000209,1167417078.1410139474,F,6/20/1954,TX,59000,6/20/2012,Silver,1
1000210,1194048121.1410165818,M,1/21/1989,WA,240000,4/21/2004,Bronze,0
1000211,1211283141.1410131957,M,4/5/1974,WA,24000,6/17/1992,Bronze,0
1000212,1229841431.1410186402,M,12/12/1960,FL,0,5/5/2005,Gold,0
1000213,1376996353.1410159051,M,6/20/1954,CA,56000,6/20/2012,Gold,1
1000214,1480699196.1398930735,F,1/21/1989,WA,120000,4/21/2004,Silver,0
1000215,1550841686.1410163550,F,4/5/1974,TX,4100000,6/17/1992,Bronze,0
1000216,1608301362.1410132147,M,12/12/1960,WA,240000,5/5/2005,Bronze,0
1000217,1626041620.1410107162,M,6/20/1954,WA,100000,6/20/2012,Gold,0
1000218,1825577801.1375356596,M,1/21/1989,FL,80000,4/21/2004,Gold,1
1000219,1925088131.1409288995,M,4/5/1974,CA,65000,6/17/1992,Silver,1
1000220,1968874543.1410134910,F,12/12/1960,WA,30000,5/5/2005,Bronze,0
1000221,2038005060.1410156775,F,6/20/1954,TX,,6/20/2012,Bronze,1
1000222,7452282.1407228721,M,1/21/1989,WA,56000,4/21/2004,Gold,0
1000223,11052274.1407220561,M,4/5/1974,WA,0,6/17/1992,Gold,0
1000224,27516126.1407222648,M,12/12/1960,FL,65000,5/5/2005,Silver,0
1000225,80665364.1407219857,M,6/20/1954,CA,59000,6/20/2012,Bronze,0
1000226,97496910.1407199957,F,1/21/1989,WA,240000,4/21/2004,Bronze,0
1000227,112505809.1407237307,F,4/5/1974,TX,24000,6/17/1992,Gold,0
1000228,240937028.1406682205,M,12/12/1960,WA,0,5/5/2005,Gold,0
1000229,288015289.1407203907,M,6/20/1954,WA,56000,6/20/2012,Silver,0
1000230,301339265.1407211742,M,1/21/1989,FL,120000,4/21/2004,Bronze,0
1000231,317636894.1406699468,M,4/5/1974,CA,4100000,6/17/1992,Bronze,0
1000232,403791189.1407183619,F,12/12/1960,WA,240000,5/5/2005,Gold,0
1000233,437350789.1407225452,F,6/20/1954,TX,100000,6/20/2012,Gold,0
1000234,463712710.1407216787,M,1/21/1989,WA,80000,4/21/2004,Silver,0
1000235,527406636.1407237034,M,4/5/1974,WA,65000,6/17/1992,Bronze,0
1000236,559891699.1407204530,M,12/12/1960,FL,30000,5/5/2005,Bronze,0
1000237,690998359.1404969425,M,6/20/1954,CA,,6/20/2012,Gold,0
1000238,824717496.1407207999,F,1/21/1989,WA,56000,4/21/2004,Gold,0
1000239,841329231.1403236777,F,4/5/1974,TX,0,6/17/1992,Silver,0
1000240,869931946.1407151746,M,12/12/1960,WA,65000,5/5/2005,Bronze,0
1000241,871591182.1405562988,M,6/20/1954,WA,59000,6/20/2012,Bronze,0
1000242,880627763.1407221329,M,1/21/1989,FL,240000,4/21/2004,Gold,0
1000243,918386631.1407221560,M,4/5/1974,CA,24000,6/17/1992,Gold,0
1000244,985449787.1407233147,F,12/12/1960,WA,0,5/5/2005,Silver,0
1000245,1107774688.1403685214,F,6/20/1954,TX,56000,6/20/2012,Bronze,0
1000246,1139164414.1407230484,M,1/21/1989,WA,120000,4/21/2004,Bronze,0
1000247,1165944197.1393482124,M,4/5/1974,WA,4100000,6/17/1992,Gold,0
1000248,1171810769.1407227922,M,12/12/1960,FL,240000,5/5/2005,Gold,0
1000249,1197969869.1407166244,M,6/20/1954,CA,100000,6/20/2012,Silver,0
1000250,1206071951.1407207835,F,1/21/1989,WA,80000,4/21/2004,Bronze,0
1000251,1222242907.1407229055,F,4/5/1974,TX,65000,6/17/1992,Bronze,0
1000252,1233030286.1407207616,M,12/12/1960,WA,30000,5/5/2005,Gold,0
1000253,1277331404.1407207144,M,6/20/1954,WA,,6/20/2012,Gold,0
1000254,1279334004.1407215675,M,1/21/1989,FL,56000,4/21/2004,Silver,1
1000255,1307287645.1407192460,M,4/5/1974,CA,0,6/17/1992,Bronze,0
1000256,1330620009.1407206144,F,12/12/1960,WA,65000,5/5/2005,Bronze,0
1000257,1332001165.1407212739,F,6/20/1954,TX,59000,6/20/2012,Gold,0
1000258,1375429705.1407219852,M,1/21/1989,WA,240000,4/21/2004,Gold,0
1000259,1407289526.1407194036,M,4/5/1974,WA,24000,6/17/1992,Silver,0
1000260,1447921387.1407207438,M,12/12/1960,FL,0,5/5/2005,Bronze,0
1000261,1515840602.1407236993,M,6/20/1954,CA,56000,6/20/2012,Bronze,0
1000262,1604641837.1407222898,F,1/21/1989,WA,120000,4/21/2004,Gold,0
1000263,1761839937.1407231928,F,4/5/1974,TX,4100000,6/17/1992,Gold,0
1000264,1766578947.1407218813,M,12/12/1960,WA,240000,5/5/2005,Silver,0
1000265,1844441331.1407224019,M,6/20/1954,WA,100000,6/20/2012,Bronze,0
1000266,1987679575.1407222261,M,1/21/1989,FL,80000,4/21/2004,Bronze,0
1000267,2003286189.1407217587,M,4/5/1974,CA,65000,6/17/1992,Gold,0
1000268,2061020224.1407224111,F,12/12/1960,WA,30000,5/5/2005,Gold,0
1000269,2062847611.1407224821,F,6/20/1954,TX,,6/20/2012,Silver,0
1000270,64689463.1408421196,M,1/21/1989,WA,56000,4/21/2004,Bronze,0
1000271,79879803.1408421626,M,4/5/1974,WA,0,6/17/1992,Bronze,1
1000272,117628286.1408422514,M,12/12/1960,FL,65000,5/5/2005,Gold,0
1000273,129886785.1408423336,M,6/20/1954,CA,59000,6/20/2012,Gold,0
1000274,195274956.1408446882,F,1/21/1989,WA,240000,4/21/2004,Silver,0
1000275,203620577.1408413218,F,4/5/1974,TX,24000,6/17/1992,Bronze,1
1000276,228388132.1401330783,M,12/12/1960,WA,0,5/5/2005,Bronze,0
1000277,318450971.1408406448,M,6/20/1954,WA,56000,6/20/2012,Gold,0
1000278,386763670.1407812328,M,1/21/1989,FL,120000,4/21/2004,Gold,0
1000279,438121877.1408446201,M,4/5/1974,CA,4100000,6/17/1992,Silver,0
1000280,441149947.1408427836,F,12/12/1960,WA,240000,5/5/2005,Bronze,0
1000281,493398167.1408427724,F,6/20/1954,TX,100000,6/20/2012,Bronze,0
1000282,590857797.1408458179,M,1/21/1989,WA,80000,4/21/2004,Gold,0
1000283,698695443.1408424316,M,4/5/1974,WA,65000,6/17/1992,Gold,0
1000284,716668568.1408426985,M,12/12/1960,FL,30000,5/5/2005,Silver,0
1000285,741109061.1408425227,M,6/20/1954,CA,,6/20/2012,Bronze,0
1000286,770952955.1408353904,F,1/21/1989,WA,56000,4/21/2004,Bronze,0
1000287,790578287.1408421312,F,4/5/1974,TX,0,6/17/1992,Gold,0
1000288,808467007.1408433790,M,12/12/1960,WA,65000,5/5/2005,Gold,0
1000289,823472253.1408441563,M,6/20/1954,WA,59000,6/20/2012,Silver,0
1000290,875263004.1408438770,M,1/21/1989,FL,240000,4/21/2004,Bronze,1
1000291,1143763370.1408425609,M,4/5/1974,CA,24000,6/17/1992,Bronze,0
1000292,1296850138.1408441937,F,12/12/1960,WA,0,5/5/2005,Gold,1
1000293,1308240621.1408427161,F,6/20/1954,TX,56000,6/20/2012,Gold,0
1000294,1344628794.1408446378,M,1/21/1989,WA,120000,4/21/2004,Silver,1
1000295,1478463652.1408425042,M,4/5/1974,WA,4100000,6/17/1992,Bronze,0
1000296,1568156576.1401087032,M,12/12/1960,FL,240000,5/5/2005,Bronze,0
1000297,1622328546.1408412303,M,6/20/1954,CA,100000,6/20/2012,Gold,0
1000298,1692475596.1408437785,F,1/21/1989,WA,80000,4/21/2004,Gold,0
1000299,1722723527.1408427912,F,4/5/1974,TX,65000,6/17/1992,Silver,0
1000300,1757321702.1408413085,M,12/12/1960,WA,30000,5/5/2005,Bronze,0
1000301,1776801558.1408419872,M,6/20/1954,WA,,6/20/2012,Bronze,0
1000302,1789381852.1408428329,M,1/21/1989,FL,56000,4/21/2004,Gold,0
1000303,1880976167.1403590448,M,4/5/1974,CA,0,6/17/1992,Gold,0
1000304,2010499485.1408438339,F,12/12/1960,WA,65000,5/5/2005,Silver,1
1000305,2042157752.1408433813,F,6/20/1954,TX,59000,6/20/2012,Bronze,0
1000306,192183038.1407848396,M,1/21/1989,WA,240000,4/21/2004,Bronze,0
1000307,444282613.1407826356,M,4/5/1974,WA,24000,6/17/1992,Gold,0
1000308,478030493.1407841486,M,12/12/1960,FL,0,5/5/2005,Gold,0
1000309,501429573.1407827412,M,6/20/1954,CA,56000,6/20/2012,Silver,0
1000310,570473484.1407823593,F,1/21/1989,WA,120000,4/21/2004,Bronze,0
1000311,575621058.1407372914,F,4/5/1974,TX,4100000,6/17/1992,Bronze,1
1000312,605939727.1407838441,M,12/12/1960,WA,240000,5/5/2005,Gold,0
1000313,676676285.1407799584,M,6/20/1954,WA,100000,6/20/2012,Gold,0
1000314,729884074.1407819456,M,1/21/1989,FL,80000,4/21/2004,Silver,0
1000315,767688872.1406706754,M,4/5/1974,CA,65000,6/17/1992,Bronze,0
1000316,826258283.1407842732,F,12/12/1960,WA,30000,5/5/2005,Bronze,0
1000317,955792455.1407810959,F,6/20/1954,TX,,6/20/2012,Gold,0
1000318,972555143.1407844040,M,1/21/1989,WA,56000,4/21/2004,Gold,0
1000319,1217406860.1407826235,M,4/5/1974,WA,0,6/17/1992,Silver,1
1000320,1482987606.1407769612,M,12/12/1960,FL,65000,5/5/2005,Bronze,0
1000321,1521179686.1407816069,M,6/20/1954,CA,59000,6/20/2012,Bronze,0
1000322,1605676302.1407800089,F,1/21/1989,WA,240000,4/21/2004,Gold,0
1000323,1632433191.1407820414,F,4/5/1974,TX,24000,6/17/1992,Gold,0
1000324,1742422018.1407837686,M,12/12/1960,WA,0,5/5/2005,Silver,0
1000325,2012097073.1407812095,M,6/20/1954,WA,56000,6/20/2012,Bronze,0
1000326,50667032.1409190602,M,1/21/1989,FL,120000,4/21/2004,Bronze,0
1000327,164171069.1409236693,M,4/5/1974,CA,4100000,6/17/1992,Gold,0
1000328,168567549.1409200066,F,12/12/1960,WA,240000,5/5/2005,Gold,0
1000329,254157526.1409201422,F,6/20/1954,TX,100000,6/20/2012,Silver,0
1000330,580158288.1409181543,M,1/21/1989,WA,80000,4/21/2004,Bronze,0
1000331,584727568.1409188822,M,4/5/1974,WA,65000,6/17/1992,Bronze,0
1000332,600740389.1409201165,M,12/12/1960,FL,30000,5/5/2005,Gold,0
1000333,608324741.1409201171,M,6/20/1954,CA,,6/20/2012,Gold,0
1000334,641465912.1409192093,F,1/21/1989,WA,56000,4/21/2004,Silver,0
1000335,838892180.1409186083,F,4/5/1974,TX,0,6/17/1992,Bronze,0
1000336,862685125.1407899622,M,12/12/1960,WA,65000,5/5/2005,Bronze,0
1000337,900241879.1409206661,M,6/20/1954,WA,59000,6/20/2012,Gold,0
1000338,942796550.1409191116,M,1/21/1989,FL,240000,4/21/2004,Gold,1
1000339,979176119.1409186077,M,4/5/1974,CA,24000,6/17/1992,Silver,0
1000340,1089028787.1409204795,F,12/12/1960,WA,0,5/5/2005,Bronze,0
1000341,1188422709.1409193812,F,6/20/1954,TX,56000,6/20/2012,Bronze,0
1000342,1264265153.1409229722,M,1/21/1989,WA,120000,4/21/2004,Gold,0
1000343,1317687917.1406862090,M,4/5/1974,WA,4100000,6/17/1992,Gold,1
1000344,1343213678.1409232258,M,12/12/1960,FL,240000,5/5/2005,Silver,0
1000345,1358128385.1409210061,M,6/20/1954,CA,100000,6/20/2012,Bronze,0
1000346,1387184427.1398222038,F,1/21/1989,WA,80000,4/21/2004,Bronze,1
1000347,1387723455.1409220664,F,4/5/1974,TX,65000,6/17/1992,Gold,0
1000348,1441882531.1409207754,M,12/12/1960,WA,30000,5/5/2005,Gold,1
1000349,1449390536.1409235847,M,6/20/1954,WA,,6/20/2012,Silver,0
1000350,1527128554.1409198857,M,1/21/1989,FL,56000,4/21/2004,Bronze,0
1000351,1543551671.1409216692,M,4/5/1974,CA,0,6/17/1992,Bronze,0
1000352,1598434058.1409159317,F,12/12/1960,WA,65000,5/5/2005,Gold,0
1000353,1716271459.1409189018,F,6/20/1954,TX,59000,6/20/2012,Gold,0
1000354,1798172530.1409215699,M,1/21/1989,WA,240000,4/21/2004,Silver,0
1000355,1805147027.1409192343,M,4/5/1974,WA,24000,6/17/1992,Bronze,0
1000356,1805848969.1409211970,M,12/12/1960,FL,0,5/5/2005,Bronze,0
1000357,1808870960.1409205583,M,6/20/1954,CA,56000,6/20/2012,Gold,0
1000358,1819723284.1409192667,F,1/21/1989,WA,120000,4/21/2004,Gold,0
1000359,1826808395.1409201994,F,4/5/1974,TX,4100000,6/17/1992,Silver,0
1000360,1878908625.1407470779,M,12/12/1960,WA,240000,5/5/2005,Bronze,1
1000361,1943978485.1409215294,M,6/20/1954,WA,100000,6/20/2012,Bronze,0
1000362,2042908467.1409217423,M,1/21/1989,FL,80000,4/21/2004,Gold,0
1000363,6078615.1401012353,M,4/5/1974,CA,65000,6/17/1992,Gold,0
1000364,68280633.1400899862,F,12/12/1960,WA,30000,5/5/2005,Silver,0
1000365,71847286.1406268893,F,6/20/1954,TX,,6/20/2012,Bronze,0
1000366,155449102.1406216464,M,1/21/1989,WA,56000,4/21/2004,Bronze,0
1000367,241942231.1383003989,M,4/5/1974,WA,0,6/17/1992,Gold,1
1000368,306577208.1406258773,M,12/12/1960,FL,65000,5/5/2005,Gold,0
1000369,313192758.1406257196,M,6/20/1954,CA,59000,6/20/2012,Silver,0
1000370,325533493.1406218365,F,1/21/1989,WA,240000,4/21/2004,Bronze,0
1000371,373530229.1406275155,F,4/5/1974,TX,24000,6/17/1992,Bronze,0
1000372,473503968.1406185418,M,12/12/1960,WA,0,5/5/2005,Gold,0
1000373,526641433.1406255251,M,6/20/1954,WA,56000,6/20/2012,Gold,0
1000374,584541738.1406218358,M,1/21/1989,FL,120000,4/21/2004,Silver,0
1000375,595069382.1392863835,M,4/5/1974,CA,4100000,6/17/1992,Bronze,0
1000376,605688186.1406248201,F,12/12/1960,WA,240000,5/5/2005,Bronze,0
1000377,619535361.1406271478,F,6/20/1954,TX,100000,6/20/2012,Gold,0
1000378,665549700.1406259168,M,1/21/1989,WA,80000,4/21/2004,Gold,0
1000379,844441809.1406264290,M,4/5/1974,WA,65000,6/17/1992,Silver,0
1000380,903748648.1406254337,M,12/12/1960,FL,30000,5/5/2005,Bronze,0
1000381,908624163.1406264493,M,6/20/1954,CA,,6/20/2012,Bronze,0
1000382,1033248463.1406278693,F,1/21/1989,WA,56000,4/21/2004,Gold,0
1000383,1045367637.1406224753,F,4/5/1974,TX,0,6/17/1992,Gold,0
1000384,1102323274.1406259195,M,12/12/1960,WA,65000,5/5/2005,Silver,0
1000385,1165961006.1406264263,M,6/20/1954,WA,59000,6/20/2012,Bronze,0
1000386,1215222154.1406209038,M,1/21/1989,FL,240000,4/21/2004,Bronze,0
1000387,1281222413.1406244331,M,4/5/1974,CA,24000,6/17/1992,Gold,0
1000388,1319234419.1406177775,F,12/12/1960,WA,0,5/5/2005,Gold,0
1000389,1392072234.1406262023,F,6/20/1954,TX,56000,6/20/2012,Silver,0
1000390,1507337211.1406257076,M,1/21/1989,WA,120000,4/21/2004,Bronze,0
1000391,1559987462.1406273274,M,4/5/1974,WA,4100000,6/17/1992,Bronze,0
1000392,1612125232.1406285532,M,12/12/1960,FL,240000,5/5/2005,Gold,0
1000393,1667648230.1406265118,M,6/20/1954,CA,100000,6/20/2012,Gold,0
1000394,1706845256.1406258016,F,1/21/1989,WA,80000,4/21/2004,Silver,0
1000395,1885205170.1406270770,F,4/5/1974,TX,65000,6/17/1992,Bronze,0
1000396,1981774088.1406285086,M,12/12/1960,WA,30000,5/5/2005,Bronze,0
1000397,2082741532.1402297993,M,6/20/1954,WA,,6/20/2012,Gold,0
1000398,28795126.1406880367,M,1/21/1989,FL,56000,4/21/2004,Gold,0
1000399,82282639.1406855754,M,4/5/1974,CA,0,6/17/1992,Silver,0
1000400,94715273.1397446744,F,12/12/1960,WA,65000,5/5/2005,Bronze,0
1000401,131282369.1406873860,F,6/20/1954,TX,59000,6/20/2012,Bronze,0
1000402,151605660.1406872032,M,1/21/1989,WA,240000,4/21/2004,Gold,0
1000403,158101549.1406860448,M,4/5/1974,WA,24000,6/17/1992,Gold,0
1000404,161040638.1406883653,M,12/12/1960,FL,0,5/5/2005,Silver,0
1000405,165417736.1406858801,M,6/20/1954,CA,56000,6/20/2012,Bronze,0
1000406,197089071.1406897152,F,1/21/1989,WA,120000,4/21/2004,Bronze,0
1000407,209910849.1406876822,F,4/5/1974,TX,4100000,6/17/1992,Gold,0
1000408,310733092.1406864326,M,12/12/1960,WA,240000,5/5/2005,Gold,0
1000409,402675576.1406873977,M,6/20/1954,WA,100000,6/20/2012,Silver,0
1000410,423929073.1406870362,M,1/21/1989,FL,80000,4/21/2004,Bronze,0
1000411,811101886.1406855252,M,4/5/1974,CA,65000,6/17/1992,Bronze,0
1000412,858113564.1406863083,F,12/12/1960,WA,30000,5/5/2005,Gold,0
1000413,994283694.1406892366,F,6/20/1954,TX,,6/20/2012,Gold,0
1000414,1022969892.1406864048,M,1/21/1989,WA,56000,4/21/2004,Silver,0
1000415,1194928930.1397454375,M,4/5/1974,WA,0,6/17/1992,Bronze,0
1000416,1221499465.1406870160,M,12/12/1960,FL,65000,5/5/2005,Bronze,0
1000417,1265097529.1406877851,M,6/20/1954,CA,59000,6/20/2012,Gold,0
1000418,1409766211.1406881138,F,1/21/1989,WA,240000,4/21/2004,Gold,0
1000419,1434256841.1406862428,F,4/5/1974,TX,24000,6/17/1992,Silver,0
1000420,1642696763.1406884651,M,12/12/1960,WA,0,5/5/2005,Bronze,0
1000421,1682751781.1406860571,M,6/20/1954,WA,56000,6/20/2012,Bronze,0
1000422,1715012197.1406872010,M,1/21/1989,FL,120000,4/21/2004,Gold,0
1000423,1726863712.1406868646,M,4/5/1974,CA,4100000,6/17/1992,Gold,0
1000424,1803013078.1406775608,F,12/12/1960,WA,240000,5/5/2005,Silver,0
1000425,1841000207.1406858399,F,6/20/1954,TX,100000,6/20/2012,Bronze,0
1000426,1908215650.1406863477,M,1/21/1989,WA,80000,4/21/2004,Bronze,0
1000427,1935941861.1406869820,M,4/5/1974,WA,65000,6/17/1992,Gold,0
1000428,1951769362.1406855329,M,12/12/1960,FL,30000,5/5/2005,Gold,0
1000429,1988600829.1406880670,M,6/20/1954,CA,,6/20/2012,Silver,0
1000430,2035949569.1406858524,F,1/21/1989,WA,56000,4/21/2004,Bronze,0
1000431,2041960704.1406873001,F,4/5/1974,TX,0,6/17/1992,Bronze,0
1000432,198438968.1395741012,M,12/12/1960,WA,65000,5/5/2005,Gold,0
1000433,199644253.1407456955,M,6/20/1954,WA,59000,6/20/2012,Gold,0
1000434,200257881.1407484233,M,1/21/1989,FL,240000,4/21/2004,Silver,0
1000435,246022284.1402979592,M,4/5/1974,CA,24000,6/17/1992,Bronze,0
1000436,248962275.1407463476,F,12/12/1960,WA,0,5/5/2005,Bronze,0
1000437,346191588.1407482174,F,6/20/1954,TX,56000,6/20/2012,Gold,0
1000438,403265367.1407486813,M,1/21/1989,WA,120000,4/21/2004,Gold,0
1000439,468317576.1407468397,M,4/5/1974,WA,4100000,6/17/1992,Silver,0
1000440,471364505.1407480168,M,12/12/1960,FL,240000,5/5/2005,Bronze,0
1000441,546348604.1367972881,M,6/20/1954,CA,100000,6/20/2012,Bronze,0
1000442,563223129.1407493008,F,1/21/1989,WA,80000,4/21/2004,Gold,0
1000443,614096269.1407487698,F,4/5/1974,TX,65000,6/17/1992,Gold,0
1000444,694402323.1404287326,M,12/12/1960,WA,30000,5/5/2005,Silver,0
1000445,727342332.1397106156,M,6/20/1954,WA,,6/20/2012,Bronze,0
1000446,860431420.1407483227,M,1/21/1989,FL,56000,4/21/2004,Bronze,0
1000447,915550187.1407485294,M,4/5/1974,CA,0,6/17/1992,Gold,0
1000448,920150927.1407456277,F,12/12/1960,WA,65000,5/5/2005,Gold,0
1000449,957829710.1407477031,F,6/20/1954,TX,59000,6/20/2012,Silver,0
1000450,987859063.1407479806,M,1/21/1989,WA,240000,4/21/2004,Bronze,0
1000451,1023588387.1407483412,M,4/5/1974,WA,24000,6/17/1992,Bronze,0
1000452,1038072929.1407460178,M,12/12/1960,FL,0,5/5/2005,Gold,0
1000453,1339746425.1407474592,M,6/20/1954,CA,56000,6/20/2012,Gold,0
1000454,1348088236.1407493970,F,1/21/1989,WA,120000,4/21/2004,Silver,0
1000455,1380757376.1407410525,F,4/5/1974,TX,4100000,6/17/1992,Bronze,0
1000456,1477091139.1348450040,M,12/12/1960,WA,240000,5/5/2005,Bronze,0
1000457,1561510081.1407459495,M,6/20/1954,WA,100000,6/20/2012,Gold,0
1000458,1583300617.1407457078,M,1/21/1989,FL,80000,4/21/2004,Gold,0
1000459,1686535313.1407474716,M,4/5/1974,CA,65000,6/17/1992,Silver,0
1000460,1831440507.1407466060,F,12/12/1960,WA,30000,5/5/2005,Bronze,0
1000461,1978955260.1407506776,F,6/20/1954,TX,,6/20/2012,Bronze,0
1000462,1979496923.1407486318,M,1/21/1989,WA,56000,4/21/2004,Gold,0
1000463,1999585298.1407506968,M,4/5/1974,WA,0,6/17/1992,Gold,0
1000464,2107436716.1407499717,M,12/12/1960,FL,65000,5/5/2005,Silver,0
1000465,2129275893.1407683065,M,6/20/1954,CA,59000,6/20/2012,Bronze,0
1000466,18423201.1408103387,F,1/21/1989,WA,240000,4/21/2004,Bronze,0
1000467,405651476.1408080597,F,4/5/1974,TX,24000,6/17/1992,Gold,0
1000468,451565450.1406512446,M,12/12/1960,WA,0,5/5/2005,Gold,0
1000469,518575949.1408110793,M,6/20/1954,WA,56000,6/20/2012,Silver,0
1000470,604651559.1408089826,M,1/21/1989,FL,120000,4/21/2004,Bronze,1
1000471,722973877.1407179690,M,4/5/1974,CA,4100000,6/17/1992,Bronze,0
1000472,828223195.1408074275,F,12/12/1960,WA,240000,5/5/2005,Gold,0
1000473,1258041970.1408113880,F,6/20/1954,TX,100000,6/20/2012,Gold,0
1000474,1314996508.1408065824,M,1/21/1989,WA,80000,4/21/2004,Silver,0
1000475,1368747694.1408065142,M,4/5/1974,WA,65000,6/17/1992,Bronze,0
1000476,1400459783.1408075422,M,12/12/1960,FL,30000,5/5/2005,Bronze,1
1000477,1415595749.1408086270,M,6/20/1954,CA,,6/20/2012,Gold,0
1000478,1444299379.1408043946,F,1/21/1989,WA,56000,4/21/2004,Gold,0
1000479,1453602591.1408094394,F,4/5/1974,TX,0,6/17/1992,Silver,0
1000480,1477722447.1408088846,M,12/12/1960,WA,65000,5/5/2005,Bronze,0
1000481,1482447993.1408089850,M,6/20/1954,WA,59000,6/20/2012,Bronze,1
1000482,1769880563.1408063101,M,1/21/1989,FL,240000,4/21/2004,Gold,0
1000483,1792325563.1408078901,M,4/5/1974,CA,24000,6/17/1992,Gold,1
1000484,1993340939.1408101538,F,12/12/1960,WA,0,5/5/2005,Silver,0
1000485,2005261037.1408035095,F,6/20/1954,TX,56000,6/20/2012,Bronze,0
1000486,60706308.1409806734,M,1/21/1989,WA,120000,4/21/2004,Bronze,1
1000487,109173522.1409794233,M,4/5/1974,WA,4100000,6/17/1992,Gold,0
1000488,115191918.1409812492,M,12/12/1960,FL,240000,5/5/2005,Gold,0
1000489,258300242.1409806888,M,6/20/1954,CA,100000,6/20/2012,Silver,0
1000490,275042506.1409816673,F,1/21/1989,WA,80000,4/21/2004,Bronze,1
1000491,320650447.1401265231,F,4/5/1974,TX,65000,6/17/1992,Bronze,0
1000492,325580213.1409803658,M,12/12/1960,WA,30000,5/5/2005,Gold,1
1000493,432899830.1409834424,M,6/20/1954,WA,,6/20/2012,Gold,0
1000494,518147568.1409806209,M,1/21/1989,FL,56000,4/21/2004,Silver,0
1000495,536496107.1409833531,M,4/5/1974,CA,0,6/17/1992,Bronze,1
1000496,541684149.1409821336,F,12/12/1960,WA,65000,5/5/2005,Bronze,0
1000497,551087853.1409801518,F,6/20/1954,TX,59000,6/20/2012,Gold,0
1000498,558743418.1409820304,M,1/21/1989,WA,240000,4/21/2004,Gold,0
1000499,624918106.1409834812,M,4/5/1974,WA,24000,6/17/1992,Silver,0
1000500,658343010.1409834606,M,12/12/1960,FL,0,5/5/2005,Bronze,1
1000501,780460620.1409794335,M,6/20/1954,CA,56000,6/20/2012,Bronze,0
1000502,792670857.1409823029,F,1/21/1989,WA,120000,4/21/2004,Gold,1
1000503,927999255.1409792783,F,4/5/1974,TX,4100000,6/17/1992,Gold,1
1000504,944183807.1409803097,M,12/12/1960,WA,240000,5/5/2005,Silver,1
1000505,963664241.1409797326,M,6/20/1954,WA,100000,6/20/2012,Bronze,0
1000506,991285253.1409796707,M,1/21/1989,FL,80000,4/21/2004,Bronze,0
1000507,1034625586.1409773907,M,4/5/1974,CA,65000,6/17/1992,Gold,0
1000508,1043780436.1409712970,F,12/12/1960,WA,30000,5/5/2005,Gold,1
1000509,1136168072.1409825670,F,6/20/1954,TX,,6/20/2012,Silver,0
1000510,1185486101.1409807073,M,1/21/1989,WA,56000,4/21/2004,Bronze,1
1000511,1380326082.1409811662,M,4/5/1974,WA,0,6/17/1992,Bronze,0
1000512,1405467639.1409825244,M,12/12/1960,FL,65000,5/5/2005,Gold,1
1000513,1407158297.1409806273,M,6/20/1954,CA,59000,6/20/2012,Gold,0
1000514,1410616236.1409812524,F,1/21/1989,WA,240000,4/21/2004,Silver,0
1000515,1541804300.1396705519,F,4/5/1974,TX,24000,6/17/1992,Bronze,0
1000516,1759340081.1409785985,M,12/12/1960,WA,0,5/5/2005,Bronze,0
1000517,1806101861.1409816548,M,6/20/1954,WA,56000,6/20/2012,Gold,0
1000518,1902134045.1375425568,M,1/21/1989,FL,120000,4/21/2004,Gold,0
1000519,1921953954.1409807159,M,4/5/1974,CA,4100000,6/17/1992,Silver,0
1000520,1980183257.1409827239,F,12/12/1960,WA,240000,5/5/2005,Bronze,1
1000521,1980391228.1409818681,F,6/20/1954,TX,100000,6/20/2012,Bronze,0
1000522,2021900398.1409808472,M,1/21/1989,WA,80000,4/21/2004,Gold,1
1000523,2031370692.1409017389,M,4/5/1974,WA,65000,6/17/1992,Gold,0
1000524,2066940527.1409810909,M,12/12/1960,FL,30000,5/5/2005,Silver,0
1000525,2107495076.1409790907,M,6/20/1954,CA,,6/20/2012,Bronze,0
1000526,2127394689.1409799737,F,1/21/1989,WA,56000,4/21/2004,Bronze,1
1000527,47880347.1408689980,F,4/5/1974,TX,0,6/17/1992,Gold,1
1000528,68763008.1403758632,M,12/12/1960,WA,65000,5/5/2005,Gold,0
1000529,108255096.1408670338,M,6/20/1954,WA,59000,6/20/2012,Silver,0
1000530,121457855.1408687342,M,1/21/1989,FL,240000,4/21/2004,Bronze,0
1000531,216524023.1407387141,M,4/5/1974,CA,24000,6/17/1992,Bronze,0
1000532,254926057.1408692813,F,12/12/1960,WA,0,5/5/2005,Gold,0
1000533,332049104.1408533894,F,6/20/1954,TX,56000,6/20/2012,Gold,1
1000534,546504025.1408635731,M,1/21/1989,WA,120000,4/21/2004,Silver,0
1000535,673154693.1408667143,M,4/5/1974,WA,4100000,6/17/1992,Bronze,0
1000536,798201547.1408682890,M,12/12/1960,FL,240000,5/5/2005,Bronze,0
1000537,830500145.1408675392,M,6/20/1954,CA,100000,6/20/2012,Gold,0
1000538,1027095408.1408694938,F,1/21/1989,WA,80000,4/21/2004,Gold,0
1000539,1075556596.1408668130,F,4/5/1974,TX,65000,6/17/1992,Silver,0
1000540,1119434841.1408697556,M,12/12/1960,WA,30000,5/5/2005,Bronze,0
1000541,1293763923.1408675263,M,6/20/1954,WA,,6/20/2012,Bronze,0
1000542,1306940620.1408696699,M,1/21/1989,FL,56000,4/21/2004,Gold,0
1000543,1372991925.1408677077,M,4/5/1974,CA,0,6/17/1992,Gold,0
1000544,1554257278.1408520579,F,12/12/1960,WA,65000,5/5/2005,Silver,0
1000545,1581846242.1408705903,F,6/20/1954,TX,59000,6/20/2012,Bronze,0
1000546,1732987468.1408662046,M,1/21/1989,WA,240000,4/21/2004,Bronze,0
1000547,1755903478.1408698216,M,4/5/1974,WA,24000,6/17/1992,Gold,0
1000548,1851718111.1408700701,M,12/12/1960,FL,0,5/5/2005,Gold,0
1000549,1864548967.1408704017,M,6/20/1954,CA,56000,6/20/2012,Silver,0
1000550,1915308272.1387266570,F,1/21/1989,WA,120000,4/21/2004,Bronze,0
1000551,1930908312.1408667107,F,4/5/1974,TX,4100000,6/17/1992,Bronze,0
1000552,1976819321.1408690235,M,12/12/1960,WA,240000,5/5/2005,Gold,0
1000553,2126114261.1408703130,M,6/20/1954,WA,100000,6/20/2012,Gold,0
1000554,5789144.1404197901,M,1/21/1989,FL,80000,4/21/2004,Silver,0
1000555,46084742.1406647877,M,4/5/1974,CA,65000,6/17/1992,Bronze,0
1000556,108568852.1406712858,F,12/12/1960,WA,30000,5/5/2005,Bronze,0
1000557,126745075.1406698146,F,6/20/1954,TX,,6/20/2012,Gold,0
1000558,140537104.1406702757,M,1/21/1989,WA,56000,4/21/2004,Gold,0
1000559,211473421.1401090890,M,4/5/1974,WA,0,6/17/1992,Silver,0
1000560,223217021.1406704420,M,12/12/1960,FL,65000,5/5/2005,Bronze,0
1000561,225375918.1406681708,M,6/20/1954,CA,59000,6/20/2012,Bronze,0
1000562,322597704.1406704191,F,1/21/1989,WA,240000,4/21/2004,Gold,0
1000563,412868852.1406702912,F,4/5/1974,TX,24000,6/17/1992,Gold,0
1000564,581854814.1406709494,M,12/12/1960,WA,0,5/5/2005,Silver,0
1000565,644790128.1396842059,M,6/20/1954,WA,56000,6/20/2012,Bronze,1
1000566,778310638.1389066454,M,1/21/1989,FL,120000,4/21/2004,Bronze,1
1000567,802626538.1406697727,M,4/5/1974,CA,4100000,6/17/1992,Gold,0
1000568,909071415.1406684355,F,12/12/1960,WA,240000,5/5/2005,Gold,0
1000569,1017972107.1406693964,F,6/20/1954,TX,100000,6/20/2012,Silver,0
1000570,1067293641.1406707537,M,1/21/1989,WA,80000,4/21/2004,Bronze,0
1000571,1073698626.1406711450,M,4/5/1974,WA,65000,6/17/1992,Bronze,0
1000572,1164473813.1406694770,M,12/12/1960,FL,30000,5/5/2005,Gold,0
1000573,1177648550.1406701785,M,6/20/1954,CA,,6/20/2012,Gold,0
1000574,1278110965.1406684908,F,1/21/1989,WA,56000,4/21/2004,Silver,0
1000575,1365083617.1406661422,F,4/5/1974,TX,0,6/17/1992,Bronze,0
1000576,1388419709.1384496244,M,12/12/1960,WA,65000,5/5/2005,Bronze,0
1000577,1408904402.1406685777,M,6/20/1954,WA,59000,6/20/2012,Gold,0
1000578,1420096918.1406698626,M,1/21/1989,FL,240000,4/21/2004,Gold,0
1000579,1495662991.1406701271,M,4/5/1974,CA,24000,6/17/1992,Silver,0
1000580,1660846155.1406720392,F,12/12/1960,WA,0,5/5/2005,Bronze,0
1000581,1706941782.1404982062,F,6/20/1954,TX,56000,6/20/2012,Bronze,0
1000582,1721799450.1406680423,M,1/21/1989,WA,120000,4/21/2004,Gold,0
1000583,1787946787.1406723019,M,4/5/1974,WA,4100000,6/17/1992,Gold,0
1000584,1801280783.1406724866,M,12/12/1960,FL,240000,5/5/2005,Silver,0
1000585,1861578949.1406696258,M,6/20/1954,CA,100000,6/20/2012,Bronze,0
1000586,1862954706.1406702512,F,1/21/1989,WA,80000,4/21/2004,Bronze,0
1000587,1891563407.1406689480,F,4/5/1974,TX,65000,6/17/1992,Gold,0
1000588,1958097748.1406686473,M,12/12/1960,WA,30000,5/5/2005,Gold,0
1000589,2011245857.1404190316,M,6/20/1954,WA,,6/20/2012,Silver,0
1000590,2067957615.1406610078,M,1/21/1989,FL,56000,4/21/2004,Bronze,0
1000591,2108168907.1406726924,M,4/5/1974,CA,0,6/17/1992,Bronze,0
1000592,14291105.1409128715,F,12/12/1960,WA,65000,5/5/2005,Gold,0
1000593,52516149.1409066169,F,6/20/1954,TX,59000,6/20/2012,Gold,0
1000594,80539336.1387504105,M,1/21/1989,WA,240000,4/21/2004,Silver,0
1000595,173539463.1409109852,M,4/5/1974,WA,24000,6/17/1992,Bronze,0
1000596,175151504.1409122677,M,12/12/1960,FL,0,5/5/2005,Bronze,1
1000597,176875610.1409120765,M,6/20/1954,CA,56000,6/20/2012,Gold,0
1000598,320236899.1409120624,F,1/21/1989,WA,120000,4/21/2004,Gold,0
1000599,379672520.1409108683,F,4/5/1974,TX,4100000,6/17/1992,Silver,0
1000600,395623277.1409106290,M,12/12/1960,WA,240000,5/5/2005,Bronze,0
1000601,409610232.1409107026,M,6/20/1954,WA,100000,6/20/2012,Bronze,0
1000602,492757257.1409101449,M,1/21/1989,FL,80000,4/21/2004,Gold,0
1000603,528590867.1409116635,M,4/5/1974,CA,65000,6/17/1992,Gold,0
1000604,549380110.1409111292,F,12/12/1960,WA,30000,5/5/2005,Silver,1
1000605,574836087.1409108078,F,6/20/1954,TX,,6/20/2012,Bronze,0
1000606,581986854.1409116708,M,1/21/1989,WA,56000,4/21/2004,Bronze,0
1000607,601289085.1409136571,M,4/5/1974,WA,0,6/17/1992,Gold,0
1000608,606824675.1409120234,M,12/12/1960,FL,65000,5/5/2005,Gold,1
1000609,700844363.1409104378,M,6/20/1954,CA,59000,6/20/2012,Silver,0
1000610,794596490.1409116731,F,1/21/1989,WA,240000,4/21/2004,Bronze,0
1000611,866921712.1409122196,F,4/5/1974,TX,24000,6/17/1992,Bronze,0
1000612,893487619.1409117373,M,12/12/1960,WA,0,5/5/2005,Gold,0
1000613,1040924732.1409108015,M,6/20/1954,WA,56000,6/20/2012,Gold,0
1000614,1048754974.1409102857,M,1/21/1989,FL,120000,4/21/2004,Silver,0
1000615,1095804656.1409104658,M,4/5/1974,CA,4100000,6/17/1992,Bronze,0
1000616,1107180296.1409114011,F,12/12/1960,WA,240000,5/5/2005,Bronze,0
1000617,1158289037.1409124877,F,6/20/1954,TX,100000,6/20/2012,Gold,0
1000618,1207255310.1409124687,M,1/21/1989,WA,80000,4/21/2004,Gold,0
1000619,1381088352.1409118571,M,4/5/1974,WA,65000,6/17/1992,Silver,0
1000620,1399626489.1409118948,M,12/12/1960,FL,30000,5/5/2005,Bronze,0
1000621,1403516941.1359767732,M,6/20/1954,CA,,6/20/2012,Bronze,0
1000622,1446715735.1409119840,F,1/21/1989,WA,56000,4/21/2004,Gold,0
1000623,1510059008.1409077004,F,4/5/1974,TX,0,6/17/1992,Gold,1
1000624,1600421276.1408954708,M,12/12/1960,WA,65000,5/5/2005,Silver,0
1000625,1621700279.1409114236,M,6/20/1954,WA,59000,6/20/2012,Bronze,0
1000626,1674716887.1409106450,M,1/21/1989,FL,240000,4/21/2004,Bronze,0
1000627,1692992250.1409120491,M,4/5/1974,CA,24000,6/17/1992,Gold,0
1000628,1707879201.1409119481,F,12/12/1960,WA,0,5/5/2005,Gold,0
1000629,1714033316.1408267090,F,6/20/1954,TX,56000,6/20/2012,Silver,0
1000630,1735868090.1409065714,M,1/21/1989,WA,120000,4/21/2004,Bronze,0
1000631,1841053193.1409099861,M,4/5/1974,WA,4100000,6/17/1992,Bronze,0
1000632,1877120530.1409144275,M,12/12/1960,FL,240000,5/5/2005,Gold,0
1000633,1900481007.1409115790,M,6/20/1954,CA,100000,6/20/2012,Gold,0
1000634,1994296555.1409101498,F,1/21/1989,WA,80000,4/21/2004,Silver,1
1000635,2053551747.1409131821,F,4/5/1974,TX,65000,6/17/1992,Bronze,0
1000636,2127419911.1409125818,M,12/12/1960,WA,30000,5/5/2005,Bronze,0
1000637,7292273.1409653334,M,6/20/1954,WA,,6/20/2012,Gold,0
1000638,22956017.1409650290,M,1/21/1989,FL,56000,4/21/2004,Gold,0
1000639,245611643.1409625536,M,4/5/1974,CA,0,6/17/1992,Silver,0
1000640,379181755.1409275164,F,12/12/1960,WA,65000,5/5/2005,Bronze,1
1000641,406253196.1409618660,F,6/20/1954,TX,59000,6/20/2012,Bronze,0
1000642,406258024.1409643138,M,1/21/1989,WA,240000,4/21/2004,Gold,0
1000643,422490586.1409659068,M,4/5/1974,WA,24000,6/17/1992,Gold,1
1000644,464353167.1409649217,M,12/12/1960,FL,0,5/5/2005,Silver,0
1000645,522236483.1409659320,M,6/20/1954,CA,56000,6/20/2012,Bronze,0
1000646,631322606.1409622025,F,1/21/1989,WA,120000,4/21/2004,Bronze,0
1000647,643462910.1371104207,F,4/5/1974,TX,4100000,6/17/1992,Gold,0
1000648,741384488.1409621613,M,12/12/1960,WA,240000,5/5/2005,Gold,0
1000649,750280243.1409646276,M,6/20/1954,WA,100000,6/20/2012,Silver,0
1000650,766640501.1408766446,M,1/21/1989,FL,80000,4/21/2004,Bronze,1
1000651,785288865.1409618195,M,4/5/1974,CA,65000,6/17/1992,Bronze,0
1000652,852111793.1409630527,F,12/12/1960,WA,30000,5/5/2005,Gold,0
1000653,853397960.1409623863,F,6/20/1954,TX,,6/20/2012,Gold,0
1000654,918110997.1409610996,M,1/21/1989,WA,56000,4/21/2004,Silver,0
1000655,925007758.1409639108,M,4/5/1974,WA,0,6/17/1992,Bronze,1
1000656,936287372.1409635325,M,12/12/1960,FL,65000,5/5/2005,Bronze,0
1000657,1227865118.1409643128,M,6/20/1954,CA,59000,6/20/2012,Gold,1
1000658,1273743106.1409660779,F,1/21/1989,WA,240000,4/21/2004,Gold,0
1000659,1342957567.1409627063,F,4/5/1974,TX,24000,6/17/1992,Silver,1
1000660,1379090933.1409668243,M,12/12/1960,WA,0,5/5/2005,Bronze,0
1000661,1498812354.1409652137,M,6/20/1954,WA,56000,6/20/2012,Bronze,0
1000662,1625036828.1368602599,M,1/21/1989,FL,120000,4/21/2004,Gold,1
1000663,1650799737.1409652434,M,4/5/1974,CA,4100000,6/17/1992,Gold,1
1000664,1686433540.1409641681,F,12/12/1960,WA,240000,5/5/2005,Silver,1
1000665,1716254419.1409639535,F,6/20/1954,TX,100000,6/20/2012,Bronze,0
1000666,1790698499.1409617424,M,1/21/1989,WA,80000,4/21/2004,Bronze,1
1000667,1874182228.1409617951,M,4/5/1974,WA,65000,6/17/1992,Gold,0
1000668,2009304381.1409611965,M,12/12/1960,FL,30000,5/5/2005,Gold,1
1000669,2024302174.1409626735,M,6/20/1954,CA,,6/20/2012,Silver,0
1000670,2132702965.1409657712,F,1/21/1989,WA,56000,4/21/2004,Bronze,0
1000671,2133946318.1409617216,F,4/5/1974,TX,0,6/17/1992,Bronze,1
1000672,6365663.1407290548,M,12/12/1960,WA,65000,5/5/2005,Gold,0
1000673,119295120.1407314690,M,6/20/1954,WA,59000,6/20/2012,Gold,0
1000674,139971842.1387255375,M,1/21/1989,FL,240000,4/21/2004,Silver,0
1000675,180612122.1407291576,M,4/5/1974,CA,24000,6/17/1992,Bronze,1
1000676,184712654.1407291198,F,12/12/1960,WA,0,5/5/2005,Bronze,0
1000677,242050191.1407305282,F,6/20/1954,TX,56000,6/20/2012,Gold,0
1000678,288009750.1407313220,M,1/21/1989,WA,120000,4/21/2004,Gold,0
1000679,336274127.1407288329,M,4/5/1974,WA,4100000,6/17/1992,Silver,0
1000680,475929797.1407280676,M,12/12/1960,FL,240000,5/5/2005,Bronze,0
1000681,480127193.1407305690,M,6/20/1954,CA,100000,6/20/2012,Bronze,0
1000682,484697863.1401181590,F,1/21/1989,WA,80000,4/21/2004,Gold,0
1000683,501046584.1407313410,F,4/5/1974,TX,65000,6/17/1992,Gold,0
1000684,511209254.1407301846,M,12/12/1960,WA,30000,5/5/2005,Silver,0
1000685,517365197.1407321630,M,6/20/1954,WA,,6/20/2012,Bronze,0
1000686,561495449.1407317382,M,1/21/1989,FL,56000,4/21/2004,Bronze,0
1000687,694623079.1407303375,M,4/5/1974,CA,0,6/17/1992,Gold,0
1000688,721609967.1407243126,F,12/12/1960,WA,65000,5/5/2005,Gold,0
1000689,736321870.1407289141,F,6/20/1954,TX,59000,6/20/2012,Silver,0
1000690,1102039844.1407326259,M,1/21/1989,WA,240000,4/21/2004,Bronze,0
1000691,1128050523.1407288569,M,4/5/1974,WA,24000,6/17/1992,Bronze,0
1000692,1191078995.1407305222,M,12/12/1960,FL,0,5/5/2005,Gold,0
1000693,1317421325.1407318588,M,6/20/1954,CA,56000,6/20/2012,Gold,0
1000694,1392320135.1381907973,F,1/21/1989,WA,120000,4/21/2004,Silver,0
1000695,1562269000.1407289130,F,4/5/1974,TX,4100000,6/17/1992,Bronze,0
1000696,1579603512.1407306910,M,12/12/1960,WA,240000,5/5/2005,Bronze,0
1000697,1602263573.1407291499,M,6/20/1954,WA,100000,6/20/2012,Gold,0
1000698,1759136416.1407319536,M,1/21/1989,FL,80000,4/21/2004,Gold,0
1000699,1861395485.1407309161,M,4/5/1974,CA,65000,6/17/1992,Silver,0
1000700,1899936815.1407276662,F,12/12/1960,WA,30000,5/5/2005,Bronze,0
1000701,1908080312.1405494249,F,6/20/1954,TX,,6/20/2012,Bronze,0
1000702,1998017160.1407290024,M,1/21/1989,WA,56000,4/21/2004,Gold,0
1000703,2053969886.1407298088,M,4/5/1974,WA,0,6/17/1992,Gold,0
1000704,2109972098.1407251045,M,12/12/1960,FL,65000,5/5/2005,Silver,0
1000705,2121481134.1407308701,M,6/20/1954,CA,59000,6/20/2012,Bronze,0
1000706,110161026.1407889295,F,1/21/1989,WA,240000,4/21/2004,Bronze,1
1000707,310033350.1410242802,F,4/5/1974,TX,24000,6/17/1992,Gold,0
1000708,342575689.1410235957,M,12/12/1960,WA,0,5/5/2005,Gold,1
1000709,364391335.1410244339,M,6/20/1954,WA,56000,6/20/2012,Silver,0
1000710,520377353.1405387744,M,1/21/1989,FL,120000,4/21/2004,Bronze,0
1000711,526665225.1410223591,M,4/5/1974,CA,4100000,6/17/1992,Bronze,0
1000712,602704761.1410230737,F,12/12/1960,WA,240000,5/5/2005,Gold,0
1000713,647195903.1410246268,F,6/20/1954,TX,100000,6/20/2012,Gold,0
1000714,664168888.1410221571,M,1/21/1989,WA,80000,4/21/2004,Silver,0
1000715,679546209.1410240331,M,4/5/1974,WA,65000,6/17/1992,Bronze,0
1000716,761803227.1410230727,M,12/12/1960,FL,30000,5/5/2005,Bronze,0
1000717,868717194.1399852754,M,6/20/1954,CA,,6/20/2012,Gold,0
1000718,884704965.1410228397,F,1/21/1989,WA,56000,4/21/2004,Gold,1
1000719,966319149.1410190061,F,4/5/1974,TX,0,6/17/1992,Silver,0
1000720,1174752482.1410229809,M,12/12/1960,WA,65000,5/5/2005,Bronze,1
1000721,1245125216.1410214387,M,6/20/1954,WA,59000,6/20/2012,Bronze,1
1000722,1291862345.1410229843,M,1/21/1989,FL,240000,4/21/2004,Gold,1
1000723,1331296934.1410257445,M,4/5/1974,CA,24000,6/17/1992,Gold,1
1000724,1337054794.1410254136,F,12/12/1960,WA,0,5/5/2005,Silver,0
1000725,1337739024.1410221892,F,6/20/1954,TX,56000,6/20/2012,Bronze,0
1000726,1378627031.1410245887,M,1/21/1989,WA,120000,4/21/2004,Bronze,1
1000727,1392391908.1410244278,M,4/5/1974,WA,4100000,6/17/1992,Gold,1
1000728,1523736869.1410250185,M,12/12/1960,FL,240000,5/5/2005,Gold,1
1000729,1584626336.1410237207,M,6/20/1954,CA,100000,6/20/2012,Silver,0
1000730,1587139048.1396570784,F,1/21/1989,WA,80000,4/21/2004,Bronze,1
1000731,1638374348.1410223315,F,4/5/1974,TX,65000,6/17/1992,Bronze,1
1000732,1696997110.1410244856,M,12/12/1960,WA,30000,5/5/2005,Gold,0
1000733,1702044196.1410246320,M,6/20/1954,WA,,6/20/2012,Gold,1
1000734,1761787312.1410253088,M,1/21/1989,FL,56000,4/21/2004,Silver,0
1000735,1806123104.1410225845,M,4/5/1974,CA,0,6/17/1992,Bronze,0
1000736,1818685231.1401242109,F,12/12/1960,WA,65000,5/5/2005,Bronze,1
1000737,1827033248.1410273101,F,6/20/1954,TX,59000,6/20/2012,Gold,0
1000738,1940424700.1410227591,M,1/21/1989,WA,240000,4/21/2004,Gold,0
1000739,1952373240.1410248398,M,4/5/1974,WA,24000,6/17/1992,Silver,1
1000740,2069042338.1410235815,M,12/12/1960,FL,0,5/5/2005,Bronze,0
1000741,2076553885.1410251901,M,6/20/1954,CA,56000,6/20/2012,Bronze,1
1000742,2077991546.1410228285,F,1/21/1989,WA,120000,4/21/2004,Gold,0
1000743,2106949408.1410245088,F,4/5/1974,TX,4100000,6/17/1992,Gold,0
1000744,2146723016.1410231274,M,12/12/1960,WA,240000,5/5/2005,Silver,1
1000745,240679003.1407861255,M,6/20/1954,WA,100000,6/20/2012,Bronze,0
1000746,579550456.1407903135,M,1/21/1989,FL,80000,4/21/2004,Bronze,0
1000747,1051993324.1407917594,M,4/5/1974,CA,65000,6/17/1992,Gold,0
1000748,1077347923.1407909610,F,12/12/1960,WA,30000,5/5/2005,Gold,0
1000749,1209386834.1407898522,F,6/20/1954,TX,,6/20/2012,Silver,0
1000750,1238363393.1407898531,M,1/21/1989,WA,56000,4/21/2004,Bronze,0
1000751,1533957252.1407917659,M,4/5/1974,WA,0,6/17/1992,Bronze,0
1000752,1535806007.1407905687,M,12/12/1960,FL,65000,5/5/2005,Gold,0
1000753,1830399046.1407905682,M,6/20/1954,CA,59000,6/20/2012,Gold,0
1000754,2001560545.1407937162,F,1/21/1989,WA,240000,4/21/2004,Silver,0
1000755,2067662196.1407892676,F,4/5/1974,TX,24000,6/17/1992,Bronze,0
1000756,2101896053.1407894809,M,12/12/1960,WA,0,5/5/2005,Bronze,0
1000757,2964920.1400812612,M,6/20/1954,WA,56000,6/20/2012,Gold,0
1000758,234665196.1408521839,M,1/21/1989,FL,120000,4/21/2004,Gold,0
1000759,244355168.1407028424,M,4/5/1974,CA,4100000,6/17/1992,Silver,1
1000760,280362734.1408498521,F,12/12/1960,WA,240000,5/5/2005,Bronze,0
1000761,344597952.1408506187,F,6/20/1954,TX,100000,6/20/2012,Bronze,0
1000762,364432300.1408506292,M,1/21/1989,WA,80000,4/21/2004,Gold,1
1000763,480874577.1408527373,M,4/5/1974,WA,65000,6/17/1992,Gold,0
1000764,496958595.1408504451,M,12/12/1960,FL,30000,5/5/2005,Silver,0
1000765,608264652.1408509499,M,6/20/1954,CA,,6/20/2012,Bronze,0
1000766,651441380.1408471504,F,1/21/1989,WA,56000,4/21/2004,Bronze,0
1000767,671958168.1408514763,F,4/5/1974,TX,0,6/17/1992,Gold,0
1000768,726136009.1408496257,M,12/12/1960,WA,65000,5/5/2005,Gold,0
1000769,816632062.1408501825,M,6/20/1954,WA,59000,6/20/2012,Silver,1
1000770,834613452.1408515679,M,1/21/1989,FL,240000,4/21/2004,Bronze,0
1000771,879350545.1408485225,M,4/5/1974,CA,24000,6/17/1992,Bronze,0
1000772,898203634.1408507567,F,12/12/1960,WA,0,5/5/2005,Gold,0
1000773,966195439.1408519343,F,6/20/1954,TX,56000,6/20/2012,Gold,0
1000774,980016086.1406116688,M,1/21/1989,WA,120000,4/21/2004,Silver,0
1000775,1192572738.1408497774,M,4/5/1974,WA,4100000,6/17/1992,Bronze,0
1000776,1353385332.1408498847,M,12/12/1960,FL,240000,5/5/2005,Bronze,0
1000777,1509665698.1408496873,M,6/20/1954,CA,100000,6/20/2012,Gold,0
1000778,1719537121.1380685859,F,1/21/1989,WA,80000,4/21/2004,Gold,0
1000779,1898675751.1408515099,F,4/5/1974,TX,65000,6/17/1992,Silver,1
1000780,1901250080.1408463001,M,12/12/1960,WA,30000,5/5/2005,Bronze,0
1000781,1919828712.1408496120,M,6/20/1954,WA,,6/20/2012,Bronze,0
1000782,1939657318.1408501623,M,1/21/1989,FL,56000,4/21/2004,Gold,0
1000783,1992778548.1408526562,M,4/5/1974,CA,0,6/17/1992,Gold,0
1000784,2077111190.1408528202,F,12/12/1960,WA,65000,5/5/2005,Silver,0
1000785,2139072516.1408495255,F,6/20/1954,TX,59000,6/20/2012,Bronze,0
1000786,154019568.1410347684,M,1/21/1989,WA,240000,4/21/2004,Bronze,0
1000787,218654580.1410318137,M,4/5/1974,WA,24000,6/17/1992,Gold,0
1000788,421321291.1410306616,M,12/12/1960,FL,0,5/5/2005,Gold,1
1000789,460787086.1410353488,M,6/20/1954,CA,56000,6/20/2012,Silver,1
1000790,478915523.1410343261,F,1/21/1989,WA,120000,4/21/2004,Bronze,1
1000791,495727617.1410304925,F,4/5/1974,TX,4100000,6/17/1992,Bronze,0
1000792,579978913.1410348247,M,12/12/1960,WA,240000,5/5/2005,Gold,1
1000793,627282169.1410335321,M,6/20/1954,WA,100000,6/20/2012,Gold,0
1000794,689773065.1410341346,M,1/21/1989,FL,80000,4/21/2004,Silver,1
1000795,750156484.1410331584,M,4/5/1974,CA,65000,6/17/1992,Bronze,1
1000796,810766919.1410310867,F,12/12/1960,WA,30000,5/5/2005,Bronze,1
1000797,891005349.1410166848,F,6/20/1954,TX,,6/20/2012,Gold,1
1000798,935957797.1409634672,M,1/21/1989,WA,56000,4/21/2004,Gold,1
1000799,947452664.1410335367,M,4/5/1974,WA,0,6/17/1992,Silver,0
1000800,961676341.1406291948,M,12/12/1960,FL,65000,5/5/2005,Bronze,1
1000801,1022575805.1410351475,M,6/20/1954,CA,59000,6/20/2012,Bronze,1
1000802,1058389301.1410335352,F,1/21/1989,WA,240000,4/21/2004,Gold,1
1000803,1157941002.1410313393,F,4/5/1974,TX,24000,6/17/1992,Gold,0
1000804,1303044762.1410334308,M,12/12/1960,WA,0,5/5/2005,Silver,1
1000805,1471157853.1398038025,M,6/20/1954,WA,56000,6/20/2012,Bronze,1
1000806,1478447649.1410357282,M,1/21/1989,FL,120000,4/21/2004,Bronze,1
1000807,1483737931.1410332386,M,4/5/1974,CA,4100000,6/17/1992,Gold,1
1000808,1496837078.1410357300,F,12/12/1960,WA,240000,5/5/2005,Gold,1
1000809,1682985266.1410327435,F,6/20/1954,TX,100000,6/20/2012,Silver,1
1000810,1810677214.1410311604,M,1/21/1989,WA,80000,4/21/2004,Bronze,1
1000811,1865137884.1410319514,M,4/5/1974,WA,65000,6/17/1992,Bronze,0
1000812,1929942905.1410352804,M,12/12/1960,FL,30000,5/5/2005,Gold,1
1000813,1932897164.1410331051,M,6/20/1954,CA,,6/20/2012,Gold,1
1000814,1934601623.1410307546,F,1/21/1989,WA,56000,4/21/2004,Silver,1
1000815,1936315866.1410307615,F,4/5/1974,TX,0,6/17/1992,Bronze,1
1000816,1980292823.1410310491,M,12/12/1960,WA,65000,5/5/2005,Bronze,1
1000817,2062440144.1410333478,M,6/20/1954,WA,59000,6/20/2012,Gold,1
1000818,695671.1406782020,M,1/21/1989,FL,240000,4/21/2004,Gold,0
1000819,186120992.1406799234,M,4/5/1974,CA,24000,6/17/1992,Silver,0
1000820,205319712.1406784744,F,12/12/1960,WA,0,5/5/2005,Bronze,0
1000821,306004273.1406766306,F,6/20/1954,TX,56000,6/20/2012,Bronze,0
1000822,306371613.1406756584,M,1/21/1989,WA,120000,4/21/2004,Gold,0
1000823,375669158.1406599403,M,4/5/1974,WA,4100000,6/17/1992,Gold,0
1000824,386575723.1406801604,M,12/12/1960,FL,240000,5/5/2005,Silver,0
1000825,473671907.1406772237,M,6/20/1954,CA,100000,6/20/2012,Bronze,0
1000826,511048932.1406774971,F,1/21/1989,WA,80000,4/21/2004,Bronze,0
1000827,520991296.1406772994,F,4/5/1974,TX,65000,6/17/1992,Gold,0
1000828,536470634.1406770156,M,12/12/1960,WA,30000,5/5/2005,Gold,0
1000829,550230098.1406767383,M,6/20/1954,WA,,6/20/2012,Silver,0
1000830,634799650.1406777818,M,1/21/1989,FL,56000,4/21/2004,Bronze,0
1000831,686332642.1406772362,M,4/5/1974,CA,0,6/17/1992,Bronze,0
1000832,733305122.1401675632,F,12/12/1960,WA,65000,5/5/2005,Gold,0
1000833,737449832.1406786300,F,6/20/1954,TX,59000,6/20/2012,Gold,0
1000834,785918376.1363590467,M,1/21/1989,WA,240000,4/21/2004,Silver,0
1000835,848773241.1406769666,M,4/5/1974,WA,24000,6/17/1992,Bronze,0
1000836,886533066.1406782925,M,12/12/1960,FL,0,5/5/2005,Bronze,0
1000837,918319811.1404980825,M,6/20/1954,CA,56000,6/20/2012,Gold,0
1000838,981697894.1406767399,F,1/21/1989,WA,120000,4/21/2004,Gold,0
1000839,1154217729.1391365969,F,4/5/1974,TX,4100000,6/17/1992,Silver,0
1000840,1223457211.1406786371,M,12/12/1960,WA,240000,5/5/2005,Bronze,0
1000841,1230345027.1406784743,M,6/20/1954,WA,100000,6/20/2012,Bronze,0
1000842,1319006211.1406794105,M,1/21/1989,FL,80000,4/21/2004,Gold,0
1000843,1330045796.1406774589,M,4/5/1974,CA,65000,6/17/1992,Gold,0
1000844,1428754662.1406806171,F,12/12/1960,WA,30000,5/5/2005,Silver,0
1000845,1431764494.1406751271,F,6/20/1954,TX,,6/20/2012,Bronze,0
1000846,1449930888.1406794343,M,1/21/1989,WA,56000,4/21/2004,Bronze,0
1000847,1454981438.1406787919,M,4/5/1974,WA,0,6/17/1992,Gold,0
1000848,1583791909.1406726264,M,12/12/1960,FL,65000,5/5/2005,Gold,0
1000849,1634033782.1406800526,M,6/20/1954,CA,59000,6/20/2012,Silver,0
1000850,1728746577.1406738174,F,1/21/1989,WA,240000,4/21/2004,Bronze,0
1000851,1751849307.1406791850,F,4/5/1974,TX,24000,6/17/1992,Bronze,0
1000852,1761977190.1406803945,M,12/12/1960,WA,0,5/5/2005,Gold,0
1000853,1868585863.1406781804,M,6/20/1954,WA,56000,6/20/2012,Gold,0
1000854,1988116895.1406795137,M,1/21/1989,FL,120000,4/21/2004,Silver,0
1000855,109834143.1407395967,M,4/5/1974,CA,4100000,6/17/1992,Bronze,0
1000856,157647074.1407414542,F,12/12/1960,WA,240000,5/5/2005,Bronze,0
1000857,166224623.1407384473,F,6/20/1954,TX,100000,6/20/2012,Gold,0
1000858,263902503.1407370473,M,1/21/1989,WA,80000,4/21/2004,Gold,0
1000859,286709845.1407381198,M,4/5/1974,WA,65000,6/17/1992,Silver,0
1000860,448182435.1407403952,M,12/12/1960,FL,30000,5/5/2005,Bronze,0
1000861,494135155.1402561971,M,6/20/1954,CA,,6/20/2012,Bronze,0
1000862,552737056.1404242432,F,1/21/1989,WA,56000,4/21/2004,Gold,0
1000863,632300256.1407402131,F,4/5/1974,TX,0,6/17/1992,Gold,0
1000864,669861202.1407355263,M,12/12/1960,WA,65000,5/5/2005,Silver,0
1000865,770532845.1407387598,M,6/20/1954,WA,59000,6/20/2012,Bronze,0
1000866,968975148.1407396555,M,1/21/1989,FL,240000,4/21/2004,Bronze,0
1000867,1157649106.1407383986,M,4/5/1974,CA,24000,6/17/1992,Gold,0
1000868,1230942683.1407367445,F,12/12/1960,WA,0,5/5/2005,Gold,0
1000869,1236644737.1407386051,F,6/20/1954,TX,56000,6/20/2012,Silver,0
1000870,1339758798.1407353685,M,1/21/1989,WA,120000,4/21/2004,Bronze,0
1000871,1432455322.1407397570,M,4/5/1974,WA,4100000,6/17/1992,Bronze,0
1000872,1463587507.1407401578,M,12/12/1960,FL,240000,5/5/2005,Gold,0
1000873,1473319231.1405298444,M,6/20/1954,CA,100000,6/20/2012,Gold,0
1000874,1496141633.1407396900,F,1/21/1989,WA,80000,4/21/2004,Silver,0
1000875,1502935487.1407387859,F,4/5/1974,TX,65000,6/17/1992,Bronze,0
1000876,1686446109.1407381152,M,12/12/1960,WA,30000,5/5/2005,Bronze,0
1000877,1864471270.1407376059,M,6/20/1954,WA,,6/20/2012,Gold,0
1000878,1938660658.1407375483,M,1/21/1989,FL,56000,4/21/2004,Gold,0
1000879,2006992952.1407397478,M,4/5/1974,CA,0,6/17/1992,Silver,0
1000880,2104015750.1407390803,F,12/12/1960,WA,65000,5/5/2005,Bronze,0
1000881,2108848878.1407371867,F,6/20/1954,TX,59000,6/20/2012,Bronze,0
1000882,11553218.1367890151,M,1/21/1989,WA,240000,4/21/2004,Gold,0
1000883,248415893.1407971901,M,4/5/1974,WA,24000,6/17/1992,Gold,0
1000884,299353734.1408016741,M,12/12/1960,FL,0,5/5/2005,Silver,0
1000885,463484346.1407998321,M,6/20/1954,CA,56000,6/20/2012,Bronze,0
1000886,508757081.1407917458,F,1/21/1989,WA,120000,4/21/2004,Bronze,0
1000887,534300986.1408004482,F,4/5/1974,TX,4100000,6/17/1992,Gold,0
1000888,574359369.1407981112,M,12/12/1960,WA,240000,5/5/2005,Gold,0
1000889,607579654.1407989434,M,6/20/1954,WA,100000,6/20/2012,Silver,0
1000890,733706019.1407993962,M,1/21/1989,FL,80000,4/21/2004,Bronze,0
1000891,757473834.1407979060,M,4/5/1974,CA,65000,6/17/1992,Bronze,0
1000892,1076953397.1408010046,F,12/12/1960,WA,30000,5/5/2005,Gold,0
1000893,1122759911.1407981437,F,6/20/1954,TX,,6/20/2012,Gold,0
1000894,1195196323.1407981247,M,1/21/1989,WA,56000,4/21/2004,Silver,0
1000895,1206133103.1407982694,M,4/5/1974,WA,0,6/17/1992,Bronze,0
1000896,1272537014.1408026321,M,12/12/1960,FL,65000,5/5/2005,Bronze,0
1000897,1351744302.1408005946,M,6/20/1954,CA,59000,6/20/2012,Gold,0
1000898,1360961393.1407981264,F,1/21/1989,WA,240000,4/21/2004,Gold,0
1000899,1386285663.1408027063,F,4/5/1974,TX,24000,6/17/1992,Silver,0
1000900,1388745309.1407995718,M,12/12/1960,WA,0,5/5/2005,Bronze,0
1000901,1405395830.1407984908,M,6/20/1954,WA,56000,6/20/2012,Bronze,0
1000902,1453296638.1407981351,M,1/21/1989,FL,120000,4/21/2004,Gold,0
1000903,1620867721.1407976032,M,4/5/1974,CA,4100000,6/17/1992,Gold,0
1000904,1860981200.1408010323,F,12/12/1960,WA,240000,5/5/2005,Silver,0
1000905,1905326630.1362713785,F,6/20/1954,TX,100000,6/20/2012,Bronze,0
1000906,1976119548.1408001450,M,1/21/1989,WA,80000,4/21/2004,Bronze,0
1000907,2025595519.1407988159,M,4/5/1974,WA,65000,6/17/1992,Gold,0
1000908,27117152.1408605272,M,12/12/1960,FL,30000,5/5/2005,Gold,0
1000909,190489176.1408601236,M,6/20/1954,CA,,6/20/2012,Silver,0
1000910,345349473.1408608013,F,1/21/1989,WA,56000,4/21/2004,Bronze,0
1000911,574568911.1408599708,F,4/5/1974,TX,0,6/17/1992,Bronze,0
1000912,584756193.1408600914,M,12/12/1960,WA,65000,5/5/2005,Gold,0
1000913,623662269.1408601154,M,6/20/1954,WA,59000,6/20/2012,Gold,0
1000914,651054266.1408583713,M,1/21/1989,FL,240000,4/21/2004,Silver,0
1000915,669756444.1408623012,M,4/5/1974,CA,24000,6/17/1992,Bronze,0
1000916,699766077.1408549884,F,12/12/1960,WA,0,5/5/2005,Bronze,0
1000917,759118230.1406119698,F,6/20/1954,TX,56000,6/20/2012,Gold,0
1000918,768021049.1408569375,M,1/21/1989,WA,120000,4/21/2004,Gold,0
1000919,849762138.1408573505,M,4/5/1974,WA,4100000,6/17/1992,Silver,0
1000920,910440134.1408584194,M,12/12/1960,FL,240000,5/5/2005,Bronze,0
1000921,912306089.1408582732,M,6/20/1954,CA,100000,6/20/2012,Bronze,0
1000922,991904015.1408608444,F,1/21/1989,WA,80000,4/21/2004,Gold,0
1000923,1065528900.1404218887,F,4/5/1974,TX,65000,6/17/1992,Gold,0
1000924,1111310534.1408600728,M,12/12/1960,WA,30000,5/5/2005,Silver,0
1000925,1175987756.1373016299,M,6/20/1954,WA,,6/20/2012,Bronze,1
1000926,1198582873.1408584474,M,1/21/1989,FL,56000,4/21/2004,Bronze,0
1000927,1203199424.1408579549,M,4/5/1974,CA,0,6/17/1992,Gold,0
1000928,1277057739.1408582845,F,12/12/1960,WA,65000,5/5/2005,Gold,0
1000929,1305494925.1408603295,F,6/20/1954,TX,59000,6/20/2012,Silver,0
1000930,1346246089.1408602452,M,1/21/1989,WA,240000,4/21/2004,Bronze,0
1000931,1569000980.1408594737,M,4/5/1974,WA,24000,6/17/1992,Bronze,0
1000932,1608485523.1408586611,M,12/12/1960,FL,0,5/5/2005,Gold,0
1000933,1724762236.1408621916,M,6/20/1954,CA,56000,6/20/2012,Gold,0
1000934,1735452510.1408613168,F,1/21/1989,WA,120000,4/21/2004,Silver,0
1000935,1745574559.1404193886,F,4/5/1974,TX,4100000,6/17/1992,Bronze,1
1000936,1827677759.1408587642,M,12/12/1960,WA,240000,5/5/2005,Bronze,0
1000937,1953473561.1408593251,M,6/20/1954,WA,100000,6/20/2012,Gold,0
1000938,1958457499.1408587968,M,1/21/1989,FL,80000,4/21/2004,Gold,1
1000939,1968023228.1408597272,M,4/5/1974,CA,65000,6/17/1992,Silver,0
1000940,1973143142.1408599168,F,12/12/1960,WA,30000,5/5/2005,Bronze,1
1000941,2018555973.1408599831,F,6/20/1954,TX,,6/20/2012,Bronze,0
1000942,2036772178.1408591212,M,1/21/1989,WA,56000,4/21/2004,Gold,0
1000943,2119067409.1408618710,M,4/5/1974,WA,0,6/17/1992,Gold,0
1000944,2141138302.1408604703,M,12/12/1960,FL,65000,5/5/2005,Silver,0
1000945,2145400689.1408622808,M,6/20/1954,CA,59000,6/20/2012,Bronze,0
1000946,77130166.1409704052,F,1/21/1989,WA,240000,4/21/2004,Bronze,0
1000947,148187645.1409716437,F,4/5/1974,TX,24000,6/17/1992,Gold,1
1000948,155616322.1409726152,M,12/12/1960,WA,0,5/5/2005,Gold,0
1000949,168067353.1409705335,M,6/20/1954,WA,56000,6/20/2012,Silver,1
1000950,217718915.1409720704,M,1/21/1989,FL,120000,4/21/2004,Bronze,1
1000951,259304397.1409636795,M,4/5/1974,CA,4100000,6/17/1992,Bronze,1
1000952,319221725.1409714895,F,12/12/1960,WA,240000,5/5/2005,Gold,0
1000953,358498248.1409733918,F,6/20/1954,TX,100000,6/20/2012,Gold,1
1000954,462564578.1409726576,M,1/21/1989,WA,80000,4/21/2004,Silver,0
1000955,604935562.1409717122,M,4/5/1974,WA,65000,6/17/1992,Bronze,0
1000956,628579631.1409710611,M,12/12/1960,FL,30000,5/5/2005,Bronze,0
1000957,672636076.1409730043,M,6/20/1954,CA,,6/20/2012,Gold,1
1000958,704952158.1409738071,F,1/21/1989,WA,56000,4/21/2004,Gold,0
1000959,718072012.1409737610,F,4/5/1974,TX,0,6/17/1992,Silver,0
1000960,718890867.1409669967,M,12/12/1960,WA,65000,5/5/2005,Bronze,0
1000961,735522352.1409721878,M,6/20/1954,WA,59000,6/20/2012,Bronze,0
1000962,864313615.1409734014,M,1/21/1989,FL,240000,4/21/2004,Gold,0
1000963,881236330.1409692680,M,4/5/1974,CA,24000,6/17/1992,Gold,1
1000964,948610057.1409701972,F,12/12/1960,WA,0,5/5/2005,Silver,1
1000965,1032585944.1409730645,F,6/20/1954,TX,56000,6/20/2012,Bronze,0
1000966,1046864295.1409562983,M,1/21/1989,WA,120000,4/21/2004,Bronze,1
1000967,1057414550.1409731441,M,4/5/1974,WA,4100000,6/17/1992,Gold,0
1000968,1108213289.1409721078,M,12/12/1960,FL,240000,5/5/2005,Gold,0
1000969,1212520764.1409725684,M,6/20/1954,CA,100000,6/20/2012,Silver,0
1000970,1246083441.1409716028,F,1/21/1989,WA,80000,4/21/2004,Bronze,0
1000971,1353942933.1409724443,F,4/5/1974,TX,65000,6/17/1992,Bronze,0
1000972,1404337492.1409720623,M,12/12/1960,WA,30000,5/5/2005,Gold,0
1000973,1441458114.1409730747,M,6/20/1954,WA,,6/20/2012,Gold,0
1000974,1613233681.1409721899,M,1/21/1989,FL,56000,4/21/2004,Silver,0
1000975,1694348636.1409712520,M,4/5/1974,CA,0,6/17/1992,Bronze,0
1000976,1749467838.1409710584,F,12/12/1960,WA,65000,5/5/2005,Bronze,1
1000977,1764219889.1409702179,F,6/20/1954,TX,59000,6/20/2012,Gold,0
1000978,1767708814.1409736683,M,1/21/1989,WA,240000,4/21/2004,Gold,1
1000979,1921718033.1408776573,M,4/5/1974,WA,24000,6/17/1992,Silver,0
1000980,1959893430.1409731329,M,12/12/1960,FL,0,5/5/2005,Bronze,0
1000981,2033028608.1409722873,M,6/20/1954,CA,56000,6/20/2012,Bronze,0
1000982,2038564770.1409719583,F,1/21/1989,WA,120000,4/21/2004,Gold,0
1000983,2053033208.1409726505,F,4/5/1974,TX,4100000,6/17/1992,Gold,0
1000984,212408269.1406191459,M,12/12/1960,WA,240000,5/5/2005,Silver,0
1000985,218846913.1394426443,M,6/20/1954,WA,100000,6/20/2012,Bronze,0
1000986,266787170.1406197880,M,1/21/1989,FL,80000,4/21/2004,Bronze,0
1000987,283062871.1354029773,M,4/5/1974,CA,65000,6/17/1992,Gold,0
1000988,340821603.1406187402,F,12/12/1960,WA,30000,5/5/2005,Gold,0
1000989,429459168.1406187357,F,6/20/1954,TX,,6/20/2012,Silver,0
1000990,503351210.1406207116,M,1/21/1989,WA,56000,4/21/2004,Bronze,0
1000991,722891119.1406207352,M,4/5/1974,WA,0,6/17/1992,Bronze,0
1000992,762028821.1406187825,M,12/12/1960,FL,65000,5/5/2005,Gold,0
1000993,838182083.1406189865,M,6/20/1954,CA,59000,6/20/2012,Gold,0
1000994,841166833.1406210738,F,1/21/1989,WA,240000,4/21/2004,Silver,0
1000995,1107219882.1404807493,F,4/5/1974,TX,24000,6/17/1992,Bronze,0
1000996,1511646524.1406190869,M,12/12/1960,WA,0,5/5/2005,Bronze,0
1000997,1571052473.1391735005,M,6/20/1954,WA,56000,6/20/2012,Gold,0
1000998,1594083104.1406187706,M,1/21/1989,FL,120000,4/21/2004,Gold,0
1000999,1810454649.1406200997,M,4/5/1974,CA,4100000,6/17/1992,Silver,0
1001000,1859610854.1406208780,F,12/12/1960,WA,240000,5/5/2005,Bronze,0
1001001,1879751860.1406193576,F,6/20/1954,TX,100000,6/20/2012,Bronze,0
1001002,5734469.1410093381,M,1/21/1989,WA,80000,4/21/2004,Gold,1
1001003,80702031.1410064306,M,4/5/1974,WA,65000,6/17/1992,Gold,0
1001004,186609850.1410057873,M,12/12/1960,FL,30000,5/5/2005,Silver,1
1001005,393927627.1410081904,M,6/20/1954,CA,,6/20/2012,Bronze,1
1001006,410947785.1410072278,F,1/21/1989,WA,56000,4/21/2004,Bronze,0
1001007,552650091.1410049673,F,4/5/1974,TX,0,6/17/1992,Gold,0
1001008,605629763.1410070228,M,12/12/1960,WA,65000,5/5/2005,Gold,0
1001009,835958327.1410058780,M,6/20/1954,WA,59000,6/20/2012,Silver,0
1001010,849237528.1410077175,M,1/21/1989,FL,240000,4/21/2004,Bronze,0
1001011,1210628878.1410056320,M,4/5/1974,CA,24000,6/17/1992,Bronze,1
1001012,1294220034.1410096757,F,12/12/1960,WA,0,5/5/2005,Gold,0
1001013,1471132321.1410087259,F,6/20/1954,TX,56000,6/20/2012,Gold,0
1001014,1487962740.1410076298,M,1/21/1989,WA,120000,4/21/2004,Silver,0
1001015,1602872561.1410089452,M,4/5/1974,WA,4100000,6/17/1992,Bronze,0
1001016,1901492318.1410016018,M,12/12/1960,FL,240000,5/5/2005,Bronze,0
1001017,1960077685.1410016013,M,6/20/1954,CA,100000,6/20/2012,Gold,1
1001018,2084393237.1410063424,F,1/21/1989,WA,80000,4/21/2004,Gold,1
1001019,2088617976.1410058378,F,4/5/1974,TX,65000,6/17/1992,Silver,1
1001020,77247430.1407056291,M,12/12/1960,WA,30000,5/5/2005,Bronze,0
1001021,81007533.1407091902,M,6/20/1954,WA,,6/20/2012,Bronze,0
1001022,98112362.1407127770,M,1/21/1989,FL,56000,4/21/2004,Gold,0
1001023,122085878.1407127515,M,4/5/1974,CA,0,6/17/1992,Gold,0
1001024,171516391.1407131061,F,12/12/1960,WA,65000,5/5/2005,Silver,0
1001025,456116236.1407144990,F,6/20/1954,TX,59000,6/20/2012,Bronze,0
1001026,612807272.1407117531,M,1/21/1989,WA,240000,4/21/2004,Bronze,0
1001027,661818074.1407116799,M,4/5/1974,WA,24000,6/17/1992,Gold,0
1001028,767414483.1407123216,M,12/12/1960,FL,0,5/5/2005,Gold,0
1001029,800256348.1407149959,M,6/20/1954,CA,56000,6/20/2012,Silver,0
1001030,834070339.1407145000,F,1/21/1989,WA,120000,4/21/2004,Bronze,0
1001031,887482184.1407136043,F,4/5/1974,TX,4100000,6/17/1992,Bronze,0
1001032,1240506581.1407118226,M,12/12/1960,WA,240000,5/5/2005,Gold,0
1001033,1256718985.1393816793,M,6/20/1954,WA,100000,6/20/2012,Gold,0
1001034,1279906155.1407095464,M,1/21/1989,FL,80000,4/21/2004,Silver,0
1001035,1389772263.1386653935,M,4/5/1974,CA,65000,6/17/1992,Bronze,0
1001036,1467759431.1407136398,F,12/12/1960,WA,30000,5/5/2005,Bronze,0
1001037,1469234236.1407120746,F,6/20/1954,TX,,6/20/2012,Gold,0
1001038,1503625358.1407135196,M,1/21/1989,WA,56000,4/21/2004,Gold,0
1001039,1523574130.1407138990,M,4/5/1974,WA,0,6/17/1992,Silver,0
1001040,1531166092.1407150808,M,12/12/1960,FL,65000,5/5/2005,Bronze,0
1001041,1662607178.1407154088,M,6/20/1954,CA,59000,6/20/2012,Bronze,0
1001042,1669948868.1407129193,F,1/21/1989,WA,240000,4/21/2004,Gold,0
1001043,1718544215.1407115941,F,4/5/1974,TX,24000,6/17/1992,Gold,0
1001044,1749298356.1407132751,M,12/12/1960,WA,0,5/5/2005,Silver,0
1001045,1801278571.1407128184,M,6/20/1954,WA,56000,6/20/2012,Bronze,0
1001046,1874917229.1407138389,M,1/21/1989,FL,120000,4/21/2004,Bronze,0
1001047,92125463.1407720938,M,4/5/1974,CA,4100000,6/17/1992,Gold,0
1001048,133658089.1407718875,F,12/12/1960,WA,240000,5/5/2005,Gold,0
1001049,241768075.1407688789,F,6/20/1954,TX,100000,6/20/2012,Silver,0
1001050,409529478.1407738972,M,1/21/1989,WA,80000,4/21/2004,Bronze,0
1001051,422751059.1407769166,M,4/5/1974,WA,65000,6/17/1992,Bronze,0
1001052,455838417.1407730432,M,12/12/1960,FL,30000,5/5/2005,Gold,0
1001053,553690195.1406607398,M,6/20/1954,CA,,6/20/2012,Gold,1
1001054,595408140.1407715912,F,1/21/1989,WA,56000,4/21/2004,Silver,0
1001055,629997608.1407732411,F,4/5/1974,TX,0,6/17/1992,Bronze,0
1001056,644196726.1407735667,M,12/12/1960,WA,65000,5/5/2005,Bronze,0
1001057,676021809.1407730940,M,6/20/1954,WA,59000,6/20/2012,Gold,0
1001058,716700276.1407722842,M,1/21/1989,FL,240000,4/21/2004,Gold,0
1001059,999269103.1407753434,M,4/5/1974,CA,24000,6/17/1992,Silver,0
1001060,1016110872.1390032235,F,12/12/1960,WA,0,5/5/2005,Bronze,0
1001061,1219439168.1407721134,F,6/20/1954,TX,56000,6/20/2012,Bronze,0
1001062,1299326423.1407750136,M,1/21/1989,WA,120000,4/21/2004,Gold,0
1001063,1448642982.1407734232,M,4/5/1974,WA,4100000,6/17/1992,Gold,0
1001064,1490028974.1407732036,M,12/12/1960,FL,240000,5/5/2005,Silver,0
1001065,1519640806.1407717475,M,6/20/1954,CA,100000,6/20/2012,Bronze,0
1001066,1527797980.1407741684,F,1/21/1989,WA,80000,4/21/2004,Bronze,0
1001067,1949936711.1407727142,F,4/5/1974,TX,65000,6/17/1992,Gold,0
1001068,1997668385.1407750850,M,12/12/1960,WA,30000,5/5/2005,Gold,0
1001069,2125099439.1407713274,M,6/20/1954,WA,,6/20/2012,Silver,0
1001070,82993314.1408929847,M,1/21/1989,FL,56000,4/21/2004,Bronze,0
1001071,97325398.1393636160,M,4/5/1974,CA,0,6/17/1992,Bronze,0
1001072,118422350.1408951020,F,12/12/1960,WA,65000,5/5/2005,Gold,0
1001073,144607676.1408952955,F,6/20/1954,TX,59000,6/20/2012,Gold,0
1001074,173798409.1408930533,M,1/21/1989,WA,240000,4/21/2004,Silver,0
1001075,178522938.1408951293,M,4/5/1974,WA,24000,6/17/1992,Bronze,0
1001076,286586031.1408930248,M,12/12/1960,FL,0,5/5/2005,Bronze,0
1001077,309886553.1408946568,M,6/20/1954,CA,56000,6/20/2012,Gold,0
1001078,368399370.1408946743,F,1/21/1989,WA,120000,4/21/2004,Gold,0
1001079,407087404.1403261359,F,4/5/1974,TX,4100000,6/17/1992,Silver,0
1001080,409676599.1408978713,M,12/12/1960,WA,240000,5/5/2005,Bronze,0
1001081,494860200.1408968504,M,6/20/1954,WA,100000,6/20/2012,Bronze,0
1001082,508325473.1408925565,M,1/21/1989,FL,80000,4/21/2004,Gold,0
1001083,673727647.1373517245,M,4/5/1974,CA,65000,6/17/1992,Gold,0
1001084,716905873.1408952750,F,12/12/1960,WA,30000,5/5/2005,Silver,0
1001085,723833469.1408965589,F,6/20/1954,TX,,6/20/2012,Bronze,0
1001086,759322909.1403066651,M,1/21/1989,WA,56000,4/21/2004,Bronze,1
1001087,804842822.1408896881,M,4/5/1974,WA,0,6/17/1992,Gold,0
1001088,918048717.1408926939,M,12/12/1960,FL,65000,5/5/2005,Gold,0
1001089,964602892.1408978582,M,6/20/1954,CA,59000,6/20/2012,Silver,0
1001090,1049114450.1408934075,F,1/21/1989,WA,240000,4/21/2004,Bronze,0
1001091,1106737744.1408942208,F,4/5/1974,TX,24000,6/17/1992,Bronze,0
1001092,1197049468.1408950144,M,12/12/1960,WA,0,5/5/2005,Gold,0
1001093,1273312443.1408954918,M,6/20/1954,WA,56000,6/20/2012,Gold,0
1001094,1286862884.1391478927,M,1/21/1989,FL,120000,4/21/2004,Silver,0
1001095,1346966252.1408947551,M,4/5/1974,CA,4100000,6/17/1992,Bronze,0
1001096,1418855381.1408957628,F,12/12/1960,WA,240000,5/5/2005,Bronze,1
1001097,1452078280.1408974127,F,6/20/1954,TX,100000,6/20/2012,Gold,0
1001098,1503049464.1408955937,M,1/21/1989,WA,80000,4/21/2004,Gold,0
1001099,1559636926.1408918416,M,4/5/1974,WA,65000,6/17/1992,Silver,1
1001100,1607667695.1408937274,M,12/12/1960,FL,30000,5/5/2005,Bronze,0
1001101,1649990606.1408958963,M,6/20/1954,CA,,6/20/2012,Bronze,0
1001102,1721743398.1408959053,F,1/21/1989,WA,56000,4/21/2004,Gold,0
1001103,1788985135.1408951631,F,4/5/1974,TX,0,6/17/1992,Gold,0
1001104,1936321452.1408932481,M,12/12/1960,WA,65000,5/5/2005,Silver,0
1001105,51942056.1408337647,M,6/20/1954,WA,59000,6/20/2012,Bronze,0
1001106,93591674.1408326783,M,1/21/1989,FL,240000,4/21/2004,Bronze,0
1001107,174844013.1408339663,M,4/5/1974,CA,24000,6/17/1992,Gold,0
1001108,179878392.1404203763,F,12/12/1960,WA,0,5/5/2005,Gold,0
1001109,183267322.1395123220,F,6/20/1954,TX,56000,6/20/2012,Silver,0
1001110,265035822.1408349093,M,1/21/1989,WA,120000,4/21/2004,Bronze,0
1001111,265911441.1408349125,M,4/5/1974,WA,4100000,6/17/1992,Bronze,0
1001112,407127792.1408308168,M,12/12/1960,FL,240000,5/5/2005,Gold,0
1001113,428201293.1408343716,M,6/20/1954,CA,100000,6/20/2012,Gold,0
1001114,463155644.1408336689,F,1/21/1989,WA,80000,4/21/2004,Silver,0
1001115,476794903.1408336434,F,4/5/1974,TX,65000,6/17/1992,Bronze,0
1001116,620162658.1408335507,M,12/12/1960,WA,30000,5/5/2005,Bronze,0
1001117,648663000.1408335624,M,6/20/1954,WA,,6/20/2012,Gold,0
1001118,655878582.1408322269,M,1/21/1989,FL,56000,4/21/2004,Gold,0
1001119,706184028.1408287769,M,4/5/1974,CA,0,6/17/1992,Silver,0
1001120,834919217.1408340469,F,12/12/1960,WA,65000,5/5/2005,Bronze,0
1001121,1161559196.1408359870,F,6/20/1954,TX,59000,6/20/2012,Bronze,0
1001122,1211916887.1408344518,M,1/21/1989,WA,240000,4/21/2004,Gold,0
1001123,1289477782.1408337119,M,4/5/1974,WA,24000,6/17/1992,Gold,0
1001124,1331864224.1408330200,M,12/12/1960,FL,0,5/5/2005,Silver,0
1001125,1372389982.1408323366,M,6/20/1954,CA,56000,6/20/2012,Bronze,0
1001126,1401233180.1408292782,F,1/21/1989,WA,120000,4/21/2004,Bronze,0
1001127,1453074802.1408341838,F,4/5/1974,TX,4100000,6/17/1992,Gold,0
1001128,1457615308.1408325911,M,12/12/1960,WA,240000,5/5/2005,Gold,0
1001129,1488460759.1408349438,M,6/20/1954,WA,100000,6/20/2012,Silver,0
1001130,1780683725.1408347707,M,1/21/1989,FL,80000,4/21/2004,Bronze,0
1001131,1785176282.1408289917,M,4/5/1974,CA,65000,6/17/1992,Bronze,0
1001132,1792076565.1408341675,F,12/12/1960,WA,30000,5/5/2005,Gold,0
1001133,1989338168.1408329957,F,6/20/1954,TX,,6/20/2012,Gold,0
1001134,2003982162.1408358238,M,1/21/1989,WA,56000,4/21/2004,Silver,0
1001135,2094730235.1407492388,M,4/5/1974,WA,0,6/17/1992,Bronze,0
1001136,203402916.1409427669,M,12/12/1960,FL,65000,5/5/2005,Bronze,0
1001137,363517124.1409455036,M,6/20/1954,CA,59000,6/20/2012,Gold,0
1001138,409889561.1409422159,F,1/21/1989,WA,240000,4/21/2004,Gold,1
1001139,432323613.1409462866,F,4/5/1974,TX,24000,6/17/1992,Silver,0
1001140,529666421.1409439583,M,12/12/1960,WA,0,5/5/2005,Bronze,0
1001141,704853365.1409456219,M,6/20/1954,WA,56000,6/20/2012,Bronze,0
1001142,786539007.1409461588,M,1/21/1989,FL,120000,4/21/2004,Gold,0
1001143,1607262365.1409481563,M,4/5/1974,CA,4100000,6/17/1992,Gold,0
1001144,1730988675.1409473538,F,12/12/1960,WA,240000,5/5/2005,Silver,1
1001145,1792965858.1409427669,F,6/20/1954,TX,100000,6/20/2012,Bronze,0
1001146,1806716134.1409477249,M,1/21/1989,WA,80000,4/21/2004,Bronze,0
1001147,2079545650.1409473842,M,4/5/1974,WA,65000,6/17/1992,Gold,0
1001148,2143207044.1409416775,M,12/12/1960,FL,30000,5/5/2005,Gold,0
1001149,51025608.1406537845,M,6/20/1954,CA,,6/20/2012,Silver,0
1001150,57097292.1406540663,F,1/21/1989,WA,56000,4/21/2004,Bronze,0
1001151,64919487.1406531410,F,4/5/1974,TX,0,6/17/1992,Bronze,0
1001152,65687047.1406525002,M,12/12/1960,WA,65000,5/5/2005,Gold,0
1001153,99947157.1406540054,M,6/20/1954,WA,59000,6/20/2012,Gold,0
1001154,204697152.1406547839,M,1/21/1989,FL,240000,4/21/2004,Silver,0
1001155,309053778.1406520099,M,4/5/1974,CA,24000,6/17/1992,Bronze,0
1001156,318166579.1406550815,F,12/12/1960,WA,0,5/5/2005,Bronze,0
1001157,354398973.1406538125,F,6/20/1954,TX,56000,6/20/2012,Gold,0
1001158,460796317.1406532506,M,1/21/1989,WA,120000,4/21/2004,Gold,0
1001159,512576275.1404258309,M,4/5/1974,WA,4100000,6/17/1992,Silver,0
1001160,576012419.1406514955,M,12/12/1960,FL,240000,5/5/2005,Bronze,0
1001161,596015594.1406527072,M,6/20/1954,CA,100000,6/20/2012,Bronze,0
1001162,756329274.1406507131,F,1/21/1989,WA,80000,4/21/2004,Gold,0
1001163,764174763.1405659614,F,4/5/1974,TX,65000,6/17/1992,Gold,0
1001164,770247104.1406538680,M,12/12/1960,WA,30000,5/5/2005,Silver,0
1001165,800670778.1406539415,M,6/20/1954,WA,,6/20/2012,Bronze,0
1001166,868735926.1406512050,M,1/21/1989,FL,56000,4/21/2004,Bronze,0
1001167,955078355.1406501165,M,4/5/1974,CA,0,6/17/1992,Gold,0
1001168,1080637850.1406521664,F,12/12/1960,WA,65000,5/5/2005,Gold,0
1001169,1205255971.1406525754,F,6/20/1954,TX,59000,6/20/2012,Silver,0
1001170,1217132983.1406524617,M,1/21/1989,WA,240000,4/21/2004,Bronze,0
1001171,1256850748.1406524291,M,4/5/1974,WA,24000,6/17/1992,Bronze,0
1001172,1330914754.1392977537,M,12/12/1960,FL,0,5/5/2005,Gold,0
1001173,1335032742.1406531505,M,6/20/1954,CA,56000,6/20/2012,Gold,0
1001174,1356201262.1406503461,F,1/21/1989,WA,120000,4/21/2004,Silver,0
1001175,1753086023.1406523959,F,4/5/1974,TX,4100000,6/17/1992,Bronze,0
1001176,1756703446.1406527338,M,12/12/1960,WA,240000,5/5/2005,Bronze,0
1001177,1778139609.1406528462,M,6/20/1954,WA,100000,6/20/2012,Gold,0
1001178,1862266550.1406534670,M,1/21/1989,FL,80000,4/21/2004,Gold,0
1001179,2039106239.1406508285,M,4/5/1974,CA,65000,6/17/1992,Silver,0
1001180,2048866550.1406539141,F,12/12/1960,WA,30000,5/5/2005,Bronze,0
1001181,2115244864.1406506413,F,6/20/1954,TX,,6/20/2012,Bronze,0
1001182,2137051744.1406507269,M,1/21/1989,WA,56000,4/21/2004,Gold,0
1001183,198274300.1409877515,M,4/5/1974,WA,0,6/17/1992,Gold,0
1001184,203870086.1409273906,M,12/12/1960,FL,65000,5/5/2005,Silver,1
1001185,241715167.1409866875,M,6/20/1954,CA,59000,6/20/2012,Bronze,0
1001186,325951643.1409877857,F,1/21/1989,WA,240000,4/21/2004,Bronze,0
1001187,437094612.1409902669,F,4/5/1974,TX,24000,6/17/1992,Gold,1
1001188,591554863.1409846105,M,12/12/1960,WA,0,5/5/2005,Gold,0
1001189,672123706.1409894475,M,6/20/1954,WA,56000,6/20/2012,Silver,0
1001190,710747918.1409884600,M,1/21/1989,FL,120000,4/21/2004,Bronze,0
1001191,790658123.1409847896,M,4/5/1974,CA,4100000,6/17/1992,Bronze,0
1001192,849083802.1409881240,F,12/12/1960,WA,240000,5/5/2005,Gold,1
1001193,929341886.1409864223,F,6/20/1954,TX,100000,6/20/2012,Gold,1
1001194,1031037061.1409887812,M,1/21/1989,WA,80000,4/21/2004,Silver,0
1001195,1044175594.1409905225,M,4/5/1974,WA,65000,6/17/1992,Bronze,0
1001196,1130769734.1409925746,M,12/12/1960,FL,30000,5/5/2005,Bronze,1
1001197,1216645916.1409908377,M,6/20/1954,CA,,6/20/2012,Gold,0
1001198,1301073801.1409901962,F,1/21/1989,WA,56000,4/21/2004,Gold,0
1001199,1316152014.1409896962,F,4/5/1974,TX,0,6/17/1992,Silver,0
1001200,1367450624.1409283265,M,12/12/1960,WA,65000,5/5/2005,Bronze,1
1001201,1368822223.1409911001,M,6/20/1954,WA,59000,6/20/2012,Bronze,0
1001202,1480124414.1409899431,M,1/21/1989,FL,240000,4/21/2004,Gold,0
1001203,1657770901.1409893570,M,4/5/1974,CA,24000,6/17/1992,Gold,0
1001204,1711931915.1409876943,F,12/12/1960,WA,0,5/5/2005,Silver,0
1001205,1735431545.1409884521,F,6/20/1954,TX,56000,6/20/2012,Bronze,1
1001206,1905581075.1409883086,M,1/21/1989,WA,120000,4/21/2004,Bronze,0
1001207,1917112664.1409880303,M,4/5/1974,WA,4100000,6/17/1992,Gold,1
1001208,1995146719.1405300178,M,12/12/1960,FL,240000,5/5/2005,Gold,0
1001209,366647204.1408145941,M,6/20/1954,CA,100000,6/20/2012,Silver,0
1001210,950448307.1408157950,F,1/21/1989,WA,80000,4/21/2004,Bronze,0
1001211,1058590718.1408142124,F,4/5/1974,TX,65000,6/17/1992,Bronze,1
1001212,1219932170.1408176363,M,12/12/1960,WA,30000,5/5/2005,Gold,0
1001213,1286827120.1408146609,M,6/20/1954,WA,,6/20/2012,Gold,0
1001214,1835859799.1408156751,M,1/21/1989,FL,56000,4/21/2004,Silver,0
1001215,1930708427.1408151554,M,4/5/1974,CA,0,6/17/1992,Bronze,0
1001216,1933535468.1408153767,F,12/12/1960,WA,65000,5/5/2005,Bronze,0
1001217,2016372857.1408188308,F,6/20/1954,TX,59000,6/20/2012,Gold,0
1001218,2038366937.1408170221,M,1/21/1989,WA,240000,4/21/2004,Gold,1
1001219,2095204817.1408182474,M,4/5/1974,WA,24000,6/17/1992,Silver,0
1001220,16098573.1408798197,M,12/12/1960,FL,0,5/5/2005,Bronze,0
1001221,39670197.1408725351,M,6/20/1954,CA,56000,6/20/2012,Bronze,0
1001222,78382568.1408763387,F,1/21/1989,WA,120000,4/21/2004,Gold,0
1001223,107588663.1408786528,F,4/5/1974,TX,4100000,6/17/1992,Gold,0
1001224,151736090.1408731397,M,12/12/1960,WA,240000,5/5/2005,Silver,0
1001225,334807499.1408799918,M,6/20/1954,WA,100000,6/20/2012,Bronze,0
1001226,682202056.1408762503,M,1/21/1989,FL,80000,4/21/2004,Bronze,0
1001227,851819130.1408769842,M,4/5/1974,CA,65000,6/17/1992,Gold,0
1001228,979027656.1408782539,F,12/12/1960,WA,30000,5/5/2005,Gold,1
1001229,1175774253.1408784800,F,6/20/1954,TX,,6/20/2012,Silver,0
1001230,1234977576.1408758855,M,1/21/1989,WA,56000,4/21/2004,Bronze,0
1001231,1466256813.1408771885,M,4/5/1974,WA,0,6/17/1992,Bronze,0
1001232,1707962564.1408767690,M,12/12/1960,FL,65000,5/5/2005,Gold,0
1001233,1760206037.1408750516,M,6/20/1954,CA,59000,6/20/2012,Gold,0
1001234,1964127284.1408779342,F,1/21/1989,WA,240000,4/21/2004,Silver,0
1001235,1995361774.1408764258,F,4/5/1974,TX,24000,6/17/1992,Bronze,1
1001236,112666770.1407575345,M,12/12/1960,WA,0,5/5/2005,Bronze,0
1001237,176353302.1407553879,M,6/20/1954,WA,56000,6/20/2012,Gold,0
1001238,310886269.1407590406,M,1/21/1989,FL,120000,4/21/2004,Gold,0
1001239,706639332.1407547818,M,4/5/1974,CA,4100000,6/17/1992,Silver,0
1001240,837581725.1407543497,F,12/12/1960,WA,240000,5/5/2005,Bronze,0
1001241,622751349.1406325800,F,6/20/1954,TX,100000,6/20/2012,Bronze,0
1001242,681972254.1406313498,M,1/21/1989,WA,80000,4/21/2004,Gold,0
1001243,798849560.1406366965,M,4/5/1974,WA,65000,6/17/1992,Gold,0
1001244,903359737.1406364077,M,12/12/1960,FL,30000,5/5/2005,Silver,0
1001245,958716204.1406355947,M,6/20/1954,CA,,6/20/2012,Bronze,0
1001246,1041566707.1396499213,F,1/21/1989,WA,56000,4/21/2004,Bronze,0
1001247,1072554104.1406347261,F,4/5/1974,TX,0,6/17/1992,Gold,0
1001248,1106555902.1406332280,M,12/12/1960,WA,65000,5/5/2005,Gold,0
1001249,1222039854.1406310888,M,6/20/1954,WA,59000,6/20/2012,Silver,0
1001250,1461616087.1406353240,M,1/21/1989,FL,240000,4/21/2004,Bronze,0
1001251,1689203769.1406301528,M,4/5/1974,CA,24000,6/17/1992,Bronze,0
1001252,1884891995.1406358229,F,12/12/1960,WA,0,5/5/2005,Gold,0
1001253,1965467534.1406340488,F,6/20/1954,TX,56000,6/20/2012,Gold,0
1001254,2146851010.1406376641,M,1/21/1989,WA,120000,4/21/2004,Silver,0
1001255,27106721.1409291450,M,4/5/1974,WA,4100000,6/17/1992,Bronze,0
1001256,68529240.1406613120,M,12/12/1960,FL,240000,5/5/2005,Bronze,0
1001257,111148521.1409323553,M,6/20/1954,CA,100000,6/20/2012,Gold,0
1001258,192522792.1409098866,F,1/21/1989,WA,80000,4/21/2004,Gold,0
1001259,207181285.1406013547,F,4/5/1974,TX,65000,6/17/1992,Silver,1
1001260,316670953.1409296217,M,12/12/1960,WA,30000,5/5/2005,Bronze,0
1001261,377325194.1409271104,M,6/20/1954,WA,,6/20/2012,Bronze,1
1001262,459601087.1409293264,M,1/21/1989,FL,56000,4/21/2004,Gold,0
1001263,570739664.1409289935,M,4/5/1974,CA,0,6/17/1992,Gold,0
1001264,590725497.1409295179,F,12/12/1960,WA,65000,5/5/2005,Silver,0
1001265,676903708.1409284935,F,6/20/1954,TX,59000,6/20/2012,Bronze,0
1001266,723288595.1409298470,M,1/21/1989,WA,240000,4/21/2004,Bronze,0
1001267,764084366.1409272478,M,4/5/1974,WA,24000,6/17/1992,Gold,0
1001268,959858138.1409279436,M,12/12/1960,FL,0,5/5/2005,Gold,0
1001269,984194295.1407972705,M,6/20/1954,CA,56000,6/20/2012,Silver,0
1001270,1052980410.1409303319,F,1/21/1989,WA,120000,4/21/2004,Bronze,1
1001271,1089549386.1409314561,F,4/5/1974,TX,4100000,6/17/1992,Bronze,0
1001272,1183999270.1409259161,M,12/12/1960,WA,240000,5/5/2005,Gold,0
1001273,1350706604.1409288929,M,6/20/1954,WA,100000,6/20/2012,Gold,0
1001274,1523634042.1409305405,M,1/21/1989,FL,80000,4/21/2004,Silver,0
1001275,1559091985.1409278161,M,4/5/1974,CA,65000,6/17/1992,Bronze,0
1001276,1614483637.1409292950,F,12/12/1960,WA,30000,5/5/2005,Bronze,0
1001277,1674142677.1409286229,F,6/20/1954,TX,,6/20/2012,Gold,0
1001278,1928520068.1409238833,M,1/21/1989,WA,56000,4/21/2004,Gold,0
1001279,1956782414.1409286640,M,4/5/1974,WA,0,6/17/1992,Silver,0
1001280,1970768682.1409301402,M,12/12/1960,FL,65000,5/5/2005,Bronze,0
1001281,1980255920.1409305560,M,6/20/1954,CA,59000,6/20/2012,Bronze,0
1001282,2089055867.1409303759,F,1/21/1989,WA,240000,4/21/2004,Gold,0
1001283,2122919698.1409287102,F,4/5/1974,TX,24000,6/17/1992,Gold,0
1001284,251528327.1406906831,M,12/12/1960,WA,0,5/5/2005,Silver,0
1001285,477193647.1406961688,M,6/20/1954,WA,56000,6/20/2012,Bronze,0
1001286,487349543.1406942350,M,1/21/1989,FL,120000,4/21/2004,Bronze,0
1001287,551760291.1406924972,M,4/5/1974,CA,4100000,6/17/1992,Gold,0
1001288,590616061.1406918465,F,12/12/1960,WA,240000,5/5/2005,Gold,0
1001289,1001841337.1406974849,F,6/20/1954,TX,100000,6/20/2012,Silver,0
1001290,1343951011.1390444107,M,1/21/1989,WA,80000,4/21/2004,Bronze,0
1001291,1355382510.1406982750,M,4/5/1974,WA,65000,6/17/1992,Bronze,0
1001292,1499817160.1406950270,F,12/12/1960,WA,30000,5/5/2005,Gold,0
1001293,1914933810.1406955165,F,6/20/1954,WA,,4/21/2004,Gold,0
1001294,1915835751.1406906119,F,6/20/1954,WA,56000,6/17/1992,Silver,0
1001295,1919187277.1406957072,F,6/20/1954,WA,0,5/5/2005,Bronze,0
