fullVisitorId,hits_customDimensions_value
481864790506686122,112192889.1407927978
528878503256428111,123139122.1408273999
748223191732706678,174209287.1408228726
748429332981464687,174257283.1406647919
796003345691057364,185333971.1408244948
1046442716922149325,243643931.1408268749
1959899518236381050,456324666.1408257914
5430703976438863899,1264434302.1408276507
5940293827405321561,1383082435.1408275801
8082400206415448210,1881830442.1408223378
14181918996845244,3301985.1409962684
1297650895890864505,302132893.1409997177
1312456515743557168,305580095.1409984048
1635319850312783478,380752573.1409930870
1766218105451446430,411229698.1397489822
2945606478449018164,685827452.1410008372
3575749730632390789,832544111.1409996933
4054788624523876956,944079045.1409964636
4499116099535301898,1047532097.1410002186
4788339828608146975,1114872244.1410014751
4900051399696082228,1140882121.1409967412
5984988223456851218,1393488660.1409987858
6680026846639777482,1555314950.1409902282
7349133363527740056,1711103451.1410001560
8856790055485303351,2062132129.1399450167
8857953961568289019,2062403122.1409990907
133259187198187025,31026822.1409373713
311408147099091250,72505359.1409351986
870892018962911185,202770349.1409404881
1514252758121833135,352564444.1409409711
1518116514996263793,353464045.1409391473
1886287528290507844,439185539.1409375300
2069895619257921407,481935129.1409380223
2191210672795237414,510180991.1409367078
3221882410132129249,750152955.1409369569
3981793602333397123,927083567.1409372291
4983073280735931070,1160212159.1409379006
5035701997504917351,1172465737.1409380199
5699579825501595886,1327036839.1409378542
5894403579317383431,1372397779.1409347847
6285394196201116582,1463432376.1373541286
6470750781275451406,1506589069.1409363982
6824936887132697977,1589054448.1409365369
7185265582202216352,1672950010.1409343392
7305170482012208002,1700867545.1409399682
7440137127748043337,1732291916.1402864201
7766952171538560201,1808384473.1409365193
8371804693483050813,1949212675.1409374013
8527096687838256208,1985369410.1409440848
627655106023182208,146137342.1408814976
1906968062108221013,444000601.1408876117
2390869013597638800,556667571.1408880784
2791582564596972302,649965965.1408891662
3876713550944239617,902617711.1408860161
4249397191887156055,989389883.1408889687
4369447287352143188,1017341224.1399532884
8706374180460416011,2027110704.1408879627
3802297530233300690,885291381.1407624914
3881893075343549750,903823663.1407624502
4379534838393669668,1019689915.1407649828
5004318435248064018,1165158682.1407600146
5889155996863394044,1371175981.1407676668
6192248914069305506,1441745300.1407596706
7091901016184420329,1651211878.1407678441
8677139824133982016,2020304050.1407633216
8685376085349042984,2022221704.1407650600
573506533470311658,133529895.1406997738
1595082354708050288,371384051.1407054192
1660302472479892945,386569293.1407051217
3787372351375397869,881816342.1407046637
4266365095843344738,993340531.1407070562
4733594710866510110,1102125903.1407041822
5031268564755939855,1171433498.1407058447
5617792369599330617,1307994213.1407072569
5815192412303007393,1353954992.1407065761
5831230043524529594,1357689044.1407024570
6969907503842601520,1622808050.1407068720
7466552465112812743,1738442216.1407044807
637971471436905054,148539308.1406433886
1315341930604060730,306251908.1406459962
2836117342479767577,660335026.1406457881
3576960645118297676,832826049.1406404172
4916631987747371888,1144742590.1359035248
6832514424915663037,1590818731.1406441661
7595392503215598838,1768440125.1406446838
82709840174115933,19257385.1392634973
356920545439897673,83102040.1409013833
999681788768674823,232756554.1409016839
1177806636723168781,274229477.1408984589
1230211886343791296,286431025.1409032896
1374737114947405276,320080927.1409041884
1476807850255458408,343846122.1409032296
1844669247947249788,429495528.1408997500
2377485216898618488,553551413.1409029240
2670349669489206154,621739232.1409049482
2929155654192717960,681997196.1409015944
3184799851476675984,741518999.1409019280
3229381723678349858,751899025.1409063458
3322404612161160972,773557604.1409042188
4113804533186670689,957819757.1409003617
4518636992182629199,1052077159.1409037135
4577848790009800620,1065863480.1409050540
4621768421204038526,1076089316.1409028990
4905588192360277011,1142171256.1409033235
4933950889367716374,1148774961.1409040918
5388699982263747561,1254654485.1409025001
5477363139638715825,1275297985.1409017265
5781506665974826702,1346111918.1408992974
6163738654871916366,1435107238.1409027918
6829618800916948284,1590144541.1409017148
7302294928392713496,1700198028.1409021208
7479123499359135086,1741369138.1385424238
8325383845133934901,1938404479.1409016117
8712211032425903487,2028469702.1409037695
8858439065238507143,2062516069.1409027719
9164454729164284437,2133765893.1409049109
9176597490768275617,2136593100.1409018017
311609538110105043,72552249.1403856339
485237280433492125,112978108.1409536157
823834244144158351,191813857.1409537679
830798096628844500,193434939.1359720089556
932030792521938146,217005329.1409217762
989636598989963866,230417726.1401274970
1219271788597561156,283883835.1409500996
1445495829271149538,336555724.1409547234
1472507952337489850,342844974.1409519546
1766023771075830875,411184451.1407116379
1973780100919086449,459556491.1409568113
2574141740634073742,599339078.1409280654
3028307830374679961,705082861.1409566105
3147343639257235514,732798045.1409499194
4569283203587908850,1063869149.1409557746
4649905890126979907,1082640581.1409540931
4959287322354126214,1154674059.1409551750
5234646450318866084,1218786102.1409545892
5257461673077525641,1224098185.1409567881
5481239433523236077,1276200505.1409551597
5561956544916234079,1294993922.1407459167
6192086813415579651,1441707558.1409556483
7631799880129978381,1776916878.1409556493
7687751140649474434,1789944046.1409554818
7858832289483209296,1829776980.1409563216
7905280084456753225,1840591450.1409534025
8448075427100229236,1966970839.1409547892
8620598246131378825,2007139438.1409559177
8915317549068172517,2075759123.1409531109
9074435667784811151,2112806697.1400029839
338058878729518548,78710466.1406598612
474314336783270763,110434912.1406632811
657833977194152185,153163908.1406599417
687814193243955408,160144221.1405558992
719452477123605260,167510583.1404711692
836024516673455185,194652126.1406583889
1067692325315479959,248591491.1406601623
1074294617762400377,250128707.1406634105
1201947922036340646,279850308.1400813478
1307286165389772428,304376279.1406600844
1470335450502082850,342339149.1406611746
1522404125010489707,354462332.1406595435
1671371681238026938,389146544.1406601914
1740917900523815356,405339035.1406615996
2092474215085564831,487192118.1406591903
2258615460039171616,525874891.1406606880
2458323472138838701,572373036.1406608045
2549274077556073410,593549124.1406624706
2554769973542583882,594828737.1406598730
2572644493557193115,598990473.1406622107
2867373103688135575,667612325.1406612375
3497428613984628927,814308555.1406611647
3751199737376044130,873394249.1406563426
3998010960753673436,930859465.1406616796
4689582432932296072,1091878496.1406629256
5128920573255451757,1194169878.1377141869
5164269180628174682,1202400117.1406601050
5378065145020238812,1252178369.1406618588
5391138673281925967,1255222287.1406600015
5505988542613388997,1281962856.1406631621
5639469688017078346,1313041357.1406617674
5870144470155461823,1366749515.1406600383
6285242102852291662,1463396964.1406602318
6317427544091487101,1470890721.1406626685
6702217735769104578,1560481669.1406607554
7127816722418447403,1659574155.1406612523
7558185454933587326,1759777184.1406612862
7648279472073291305,1780753832.1406613033
7777295200099716191,1810792647.1397443679
8191023910759510588,1907121369.1401762364
8447548215557572213,1966848088.1397442165
8569378630819801410,1995213942.1406560578
8618109183731389085,2006559908.1406620317
8670739506818116901,2018813860.1406594341
8756934436682394790,2038882681.1406594214
93718227917488081,21820475.1409302481
843994060422978361,196507680.1410145081
1245124167415437987,289903061.1410144931
1353022730951388157,315025153.1398991869
1568319051985140118,365152734.1410152854
1907461596801503729,444115511.1410175473
2006199897049349889,467104813.1410154241
2386037720851743248,555542698.1410138640
2854583395458853300,664634489.1410181556
3181979385109234650,740862308.1410155482
3496567520289976561,814108066.1410167025
4204133824340991972,978851184.1410113508
4231186092466728796,985149781.1410166620
4296243529762283455,1000297146.1410146239
4889886079690003696,1138515323.1410127088
4970464914613018851,1157276545.1410146531
5014018172212020562,1167417078.1410139474
5128397630955416634,1194048121.1410165818
5202421478201288693,1211283141.1410131957
5282128726821026978,1229841431.1410186402
5914154304256430539,1376996353.1410159051
6359554623432424751,1480699196.1398930735
6660814324053664606,1550841686.1410163550
6907601753312389299,1608301362.1410132147
6983795581244966682,1626041620.1410107162
7840796952973952692,1825577801.1375356596
8268190565972052771,1925088131.1409288995
8456251773522080638,1968874543.1410134910
8753165083192674535,2038005060.1410156775
32007308877798193,7452282.1407228721
47469156783651665,11052274.1407220561
118180862689837944,27516126.1407222648
346455101707155601,80665364.1407219857
418746041318255317,97496910.1407199957
483208771672259771,112505809.1407237307
1034816657062118493,240937028.1406682205
1237016248410192451,288015289.1407203907
1294242289582889182,301339265.1407211742
1364240073139718092,317636894.1406699468
1734269952575138563,403791189.1407183619
1878407337042021996,437350789.1407225452
1991630925596748947,463712710.1407216787
2265194254720613290,527406636.1407237034
2404716537914080434,559891699.1407204530
2967815354899636689,690998359.1404969425
3542134675166218815,824717496.1407207999
3613481533717066153,841329231.1403236777
3736329259222789762,869931946.1407151746
3743455623577546860,871591182.1405562988
3782267443441860177,880627763.1407221329
3944440546635841336,918386631.1407221560
4232474608422399099,985449787.1407233147
4757856057700288862,1107774688.1403685214
4892673904304235028,1139164414.1407230484
5007692196469463436,1165944197.1393482124
5032888931362838546,1171810769.1407227922
5145241410355570468,1197969869.1407166244
5180039587575122331,1206071951.1407207835
5249493314740198527,1222242907.1407229055
5295824754754734272,1233030286.1407207616
5486096607740970728,1277331404.1407207144
5494697709247948859,1279334004.1407215675
5614757683147050380,1307287645.1407192460
5714969423465431808,1330620009.1407206144
5720901443316112579,1332001165.1407212739
5907425602329147532,1375429705.1407219852
6044262491580535732,1407289526.1407194036
6218775005751166990,1447921387.1407207438
6510485812946189185,1515840602.1407236993
6891884213115585650,1604641837.1407222898
7567044911608932280,1761839937.1407231928
7587398804574336125,1766578947.1407218813
7921815197442934995,1844441331.1407224019
8537018770959401461,1987679575.1407222261
8604048667690692531,2003286189.1407217587
8852014459881818415,2061020224.1407224111
8859863027283954677,2062847611.1407224821
277839129389223244,64689463.1408421196
343081142904344314,79879803.1408421626
505209642862957170,117628286.1408422514
557859495166006696,129886785.1408423336
838699551156285858,195274956.1408446882
874543720416063010,203620577.1408413218
980919559135861855,228388132.1401330783
1367736507232850864,318450971.1408406448
1661137315338748648,386763670.1407812328
1881719134785580793,438121877.1408446201
1894724596405561148,441149947.1408427836
2119128992579774156,493398167.1408427724
2537714916110065091,590857797.1408458179
3000874078957656444,698695443.1408424316
3078068063039579113,716668568.1408426985
3183039181172694283,741109061.1408425227
3311217729887913584,770952955.1408353904
3395507889001123264,790578287.1408421312
3472339356368436862,808467007.1408433790
3536786397206879451,823472253.1408441563
3759225978987155954,875263004.1408438770
4912426269921173129,1143763370.1408425609
5569928931931528785,1296850138.1408441937
5618850683902157977,1308240621.1408427161
5775136696898367402,1344628794.1408446378
6349953035073150034,1478463652.1408425042
6735181210328425528,1568156576.1401087032
6967848049845643919,1622328546.1408412303
7269127335506546201,1692475596.1408437785
7399041209923200904,1722723527.1408427912
7547639240049470877,1757321702.1408413085
7631304584500267040,1776801558.1408419872
7685336535804340521,1789381852.1408428329
8078731123224024880,1880976167.1403590448
8635029538108280899,2010499485.1408438339
8771000759521312405,2042157752.1408433813
825419864463773644,192183038.1407848396
1908179294424250804,444282613.1407826356
2053125335333598414,478030493.1407841486
2153623618690072020,501429573.1407827412
2450164958423002857,570473484.1407823593
2472273620406292082,575621058.1407372914
2602491312220006633,605939727.1407838441
2906302515461574944,676676285.1407799584
3134828229109063360,729884074.1407819456
3297198600149836866,767688872.1406706754
3548752304941955500,826258283.1407842732
4105097337396362639,955792455.1407810959
4177092534149447368,972555143.1407844040
5228722651033876795,1217406860.1407826235
6369383269551102988,1482987606.1407769612
6533417004117365125,1521179686.1407816069
6896327206460019481,1605676302.1407800089
7011247169657741950,1632433191.1407820414
7483645584548161014,1742422018.1407837686
8641891126320136703,2012097073.1407812095
217613246834576074,50667032.1409190602
705109373713596117,164171069.1409236693
723992111531077570,168567549.1409200066
1091598263611471118,254157526.1409201422
2491760874872530791,580158288.1409181543
2511385783038804950,584727568.1409188822
2580160325550519309,600740389.1409201165
2612734869351871507,608324741.1409201171
2755075114948006045,641465912.1409192093
3603014479379331363,838892180.1409186083
3705204400028571622,862685125.1407899622
3866509430203795845,900241879.1409206661
4049280350440819916,942796550.1409191116
4205529409538390301,979176119.1409186077
4677343025976754747,1089028787.1409204795
5104236670387918676,1188422709.1409193812
5429977487016666010,1264265153.1409229722
5659426511256224522,1317687917.1406862090
5769058819959106946,1343213678.1409232258
5833116998753507021,1358128385.1409210061
5957911748883721430,1387184427.1398222038
5960226856526348344,1387723455.1409220664
6192838316727913930,1441882531.1409207754
6225084952661146503,1449390536.1409235847
6558967197626968841,1527128554.1409198857
6629503948040368308,1543551671.1409216692
6865222005331726485,1598434058.1409159317
7371329788872393882,1716271459.1409189018
7723092210324794579,1798172530.1409215699
7753047446845821335,1805147027.1409192343
7756062264779529794,1805848969.1409211970
7769041617293329743,1808870960.1409205583
7815651993958912731,1819723284.1409192667
7846082313992451914,1826808395.1409201994
8069851097954798779,1878908625.1407470779
8349324018611841854,1943978485.1409215294
8774225055895712655,2042908467.1409217423
26107454030987393,6078615.1401012353
293263087086078230,68280633.1400899862
308581745082627549,71847286.1406268893
667648810688784656,155449102.1406216464
1039133971049281365,241942231.1383003989
1316739083465248341,306577208.1406258773
1345152654360299564,313192758.1406257196
1398155707593863293,325533493.1406218365
1604300119028665939,373530229.1406275155
2033684058492415946,473503968.1406185418
2261907732859830419,526641433.1406255251
2510587649263218806,584541738.1406218358
2555803535933794907,595069382.1392863835
2601410951849813257,605688186.1406248201
2660884115616825334,619535361.1406271478
2858514196768870368,665549700.1406259168
3626849954436342754,844441809.1406264290
3881570888370470145,903748648.1406254337
3902511065846637741,908624163.1406264493
4437768358633544741,1033248463.1406278693
4489819814618024305,1045367637.1406224753
4734442412855906299,1102323274.1406259195
5007764390587524039,1165961006.1406264263
5219339410210884622,1215222154.1406209038
5502808364143449579,1281222413.1406244331
5666068686768738799,1319234419.1406177775
5978904720105921287,1392072234.1406262023
6473964026695108532,1507337211.1406257076
6700095132866316026,1559987462.1406273274
6924025149902698204,1612125232.1406285532
7162494610488551198,1667648230.1406265118
7330844555259005792,1706845256.1406258016
8096894552806391090,1885205170.1406270770
8511654897426511134,1981774088.1406285086
8945306767363235465,2082741532.1402297993
123674125861079663,28795126.1406880367
353401244940429898,82282639.1406855754
406799001364158552,94715273.1397446744
563853482803278084,131282369.1406873860
651141352995367392,151605660.1406872032
679040983808801952,158101549.1406860448
691664274943858501,161040638.1406883653
710463767705220657,165417736.1406858801
846491115750919168,197089071.1406897152
901560232937471126,209910849.1406876822
1334588469331823558,310733092.1406864326
1729478431224836473,402675576.1406873977
1820761505765466970,423929073.1406870362
3483656075500775508,811101886.1406855252
3685569695040866027,858113564.1406863083
4270415950082963790,994283694.1406892366
4393622232339516080,1022969892.1406864048
5132180676791727655,1194928930.1397454375
5246300255663366800,1221499465.1406870160
5433552514712289435,1265097529.1406877851
6054899772657716594,1409766211.1406881138
6160086227566134364,1434256841.1406862428
7055328875736947499,1642696763.1406884651
7227363868087614747,1682751781.1406860571
7365921299762981322,1715012197.1406872010
7416823169096031398,1726863712.1406868646
7743882205677072696,1803013078.1406775608
7907035682401088671,1841000207.1406858399
8195723811872245877,1908215650.1406863477
8314806981359247676,1935941861.1406869820
8382785580531640481,1951769362.1406855329
8540975526760369054,1988600829.1406880670
8744336816567153948,2035949569.1406858524
8770154444804009385,2041960704.1406873001
852288879207731540,198438968.1395741012
857465538876806843,199644253.1407456955
860101051068744009,200257881.1407484233
1056657665270203656,246022284.1402979592
1069284830470221876,248962275.1407463476
1486881550017788222,346191588.1407482174
1732011564281924445,403265367.1407486813
2011408674469462893,468317576.1407468397
2024495134877708648,471364505.1407480168
2346549387763227665,546348604.1367972881
2419024920813282192,563223129.1407493008
2637523393358106322,614096269.1407487698
2982435268955715934,694402323.1404287326
3123911530333480428,727342332.1397106156
3695524810758323547,860431420.1407483227
3932258112419169646,915550187.1407485294
3952018140256539669,920150927.1407456277
4113847280994641191,957829710.1407477031
4242822370049683454,987859063.1407479806
4396278648137874964,1023588387.1407483412
4458489282325390162,1038072929.1407460178
5754167081715391392,1339746425.1407474592
5789994887149823826,1348088236.1407493970
5930307775038185821,1380757376.1407410525
6344058136564840184,1477091139.1348450040
6706634731676770471,1561510081.1407459495
6800224371159078710,1583300617.1407457078
7243614014291598364,1686535313.1407474716
7865977083542125132,1831440507.1407466060
8499548123354683736,1978955260.1407506776
8501874548225116526,1979496923.1407486318
8588153461879921176,1999585298.1407506968
9051371775017139653,2107436716.1407499717
9145170326003878393,2129275893.1407683065
79127047190737883,18423201.1408103387
1742259824402209493,405651476.1408080597
1939458841160035646,451565450.1406512446
2227266742855274697,518575949.1408110793
2596958672788504290,604651559.1408089826
3105149158984506282,722973877.1407179690
3557191537721704995,828223195.1408074275
5403249119553527000,1258041970.1408113880
5647866997622268192,1314996508.1408065824
5878726583613480566,1368747694.1408065142
6014928968756332190,1400459783.1408075422
6079937447719710974,1415595749.1408086270
6203218599846153130,1444299379.1408043946
6243175591133958330,1453602591.1408094394
6346769583838182158,1477722447.1408088846
6367065649363926778,1482447993.1408089850
7601579137319130749,1769880563.1408063101
7697979678277866549,1792325563.1408078901
8561334144191032482,1993340939.1408101538
8612530575266081047,2005261037.1408035095
260731608930709902,60706308.1409806734
468896707988930745,109173522.1409794233
494745521983326220,115191918.1409812492
1109391093348692520,258300242.1409806888
1181298569689700449,275042506.1409816673
1377183184714046543,320650447.1401265231
1398356368469517706,325580213.1409803658
1859290613703794104,432899830.1409834424
2225426860471742337,518147568.1409806209
2304233235406150203,536496107.1409833531
2326515706126412440,541684149.1409821336
2366904307267657006,551087853.1409801518
2399784708575078032,558743418.1409820304
2684002829358096188,624918106.1409834812
2827561698910035566,658343010.1409834606
3352052840125677855,780460620.1409794335
3404495408717115701,792670857.1409823029
3985726452347157263,927999255.1409792783
4055238573887578969,944183807.1409803097
4138906400829459662,963664241.1409797326
4257537744051882595,991285253.1409796707
4443683056884609363,1034625586.1409773907
4483002838234334026,1043780436.1409712970
4879804713409198982,1136168072.1409825670
5091624035067359969,1185486101.1409807073
5928455381415625934,1380326082.1409811662
6036437546501159388,1405467639.1409825244
6043698867319861185,1407158297.1409806273
6058550602236430380,1410616236.1409812524
6621999046728878319,1541804300.1396705519
7556308111846776961,1759340081.1409785985
7757148427649554404,1806101861.1409816548
8169603517258617888,1902134045.1375425568
8254729378257695543,1921953954.1409807159
8504822330311590311,1980183257.1409827239
8505715558955098169,1980391228.1409818681
8683996086589192280,2021900398.1409808472
8724670689601906221,2031370692.1409017389
8877441967651815901,2066940527.1409810909
9051622429310825403,2107495076.1409790907
9137090616348890681,2127394689.1409799737
205644525894821692,47880347.1408689980
295334871938345000,68763008.1403758632
464952098354010754,108255096.1408670338
521657516475997422,121457855.1408687342
929963598990738949,216524023.1407387141
1094899079121924685,254926057.1408692813
1426140043754636678,332049104.1408533894
2347216915916002131,546504025.1408635731
2891177392992587271,673154693.1408667143
3428249541390289802,798201547.1408682890
3566970963506933312,830500145.1408675392
4411341188640471706,1027095408.1408694938
4619480406225752546,1075556596.1408668130
4807936033506657492,1119434841.1408697556
5556673739438337471,1293763923.1408675263
5613267222122660219,1306940620.1408696699
5896955416955761877,1372991925.1408677077
6675484179988500867,1554257278.1408520579
6793977878099207535,1581846242.1408705903
7443124500846508574,1732987468.1408662046
7541548014351353704,1755903478.1408698216
7953068729564598557,1851718111.1408700701
8008176836464287249,1864548967.1408704017
8226186391385539082,1915308272.1387266570
8293188053023231459,1930908312.1408667107
8490374335204616251,1976819321.1408690235
9131591219962911386,2126114261.1408703130
24864185556032525,5789144.1404197901
197932461141245509,46084742.1406647877
466299670110977050,108568852.1406712858
544365953460765346,126745075.1406698146
603602266961253541,140537104.1406702757
908271428569330506,211473421.1401090890
958709806512249636,223217021.1406704420
967982198522659436,225375918.1406681708
1385546589851392575,322597704.1406704191
1773258218283767104,412868852.1406702912
2499047398556872438,581854814.1406709494
2769352513940495947,644790128.1396842059
3342818737727961302,778310638.1389066454
3447254733018398975,802626538.1406697727
3904431998560128195,909071415.1406684355
4372156909211906636,1017972107.1406693964
4583991284730472273,1067293641.1406707537
4611500485836846746,1073698626.1406711450
5001376945290114418,1164473813.1406694770
5057962009838522585,1177648550.1406701785
5489444796740685548,1278110965.1406684908
5862989492727051054,1365083617.1406661422
5963217244661333108,1388419709.1384496244
6051198331187122769,1408904402.1406685777
6099269821367092354,1420096918.1406698626
6423823633589243607,1495662991.1406701271
7133279920819067272,1660846155.1406720392
7331259131270943534,1706941782.1404982062
7395072329427467623,1721799450.1406680423
7679172978560000971,1787946787.1406723019
7736442055304997634,1801280783.1406724866
7995420706283748162,1861578949.1406696258
8001329537605997488,1862954706.1406702512
8124202972782026952,1891563407.1406689480
8409965791437935881,1958097748.1406686473
8638235181434682988,2011245857.1404190316
8881810327345769118,2067957615.1406610078
9054516511415792396,2108168907.1406726924
61379830007830795,14291105.1409128715
225555143875929273,52516149.1409066169
345913815549059561,80539336.1387504105
745346319559511900,173539463.1409109852
752269982934335861,175151504.1409122677
759674961819171325,176875610.1409120765
1375407009586575728,320236899.1409120624
1630681057999014603,379672520.1409108683
1699189037660455282,395623277.1409106290
1759262551956079698,409610232.1409107026
2116376305090768521,492757257.1409101449
2270280488138402267,528590867.1409116635
2359569606931993852,549380110.1409111292
2468902195634718830,574836087.1409108078
2499614506041043492,581986854.1409116708
2582516956925900731,601289085.1409136571
2606292134939949034,606824675.1409120234
3010103620080056826,700844363.1409104378
3412765939475507771,794596490.1409116731
3723400402641452948,866921712.1409122196
3837500104395025597,893487619.1409117373
4470737682946672687,1040924732.1409108015
4504368316256433161,1048754974.1409102857
4706445161733634834,1095804656.1409104658
4755303163504713627,1107180296.1409114011
4974813534639458829,1158289037.1409124877
5185122075781466447,1207255310.1409124687
5931729306135654763,1381088352.1409118571
6011349998279422692,1399626489.1409118948
6028059362336729268,1403516941.1359767732
6213596769842722400,1446715735.1409119840
6485654055799279372,1510059008.1409077004
6873757041651544404,1600421276.1408954708
6965149663628189820,1621700279.1409114236
7192854261133034002,1674716887.1409106450
7271346347540576491,1692992250.1409120491
7335285315222729977,1707879201.1409119481
7361717037882700626,1714033316.1408267090
7455496678129050354,1735868090.1409065714
7907263255540475989,1841053193.1409099861
8062171288409331155,1877120530.1409144275
8162503773143262862,1900481007.1409115790
8565438483659566778,1994296555.1409101498
8819937595417797933,2053551747.1409131821
9137198944013356474,2127419911.1409125818
31320075458157142,7292273.1409653334
98595343671070322,22956017.1409650290
1054893975611452864,245611643.1409625536
1628573238374159644,379181755.1409275164
1744844192125096676,406253196.1409618660
1744864928227226242,406258024.1409643138
1814583251147534524,422490586.1409659068
1994381667468675649,464353167.1409649217
2242988616672719288,522236483.1409659320
2711509947405115401,631322606.1409622025
2763652156010095567,643462910.1371104207
3184222131131326061,741384488.1409621613
3222429107929579204,750280243.1409646276
3292695880992821742,766640501.1408766446
3372789994497577235,785288865.1409618195
3659792284880552255,852111793.1409630527
3665316330082740023,853397960.1409623863
3943256707622565108,918110997.1409610996
3972878070565921476,925007758.1409639108
4021323643807421437,936287372.1409635325
5273640527118824056,1227865118.1409643128
5470684985185122155,1273743106.1409660779
5767958831590355895,1342957567.1409627063
5923150456854795411,1379090933.1409668243
6437350044680426921,1498812354.1409652137
6979480032424179687,1625036828.1368602599
7090130884070053586,1650799737.1409652434
7243176902587149521,1686433540.1409641681
7371256602630120559,1716254419.1409639535
7690991491610906128,1790698499.1409617424
8049551377414033439,1874182228.1409617951
8629896605514135741,2009304381.1409611965
8694311635961328239,2024302174.1409626735
9159889488166890352,2132702965.1409657712
9165229648639233344,2133946318.1409617216
27340315809647796,6365663.1407290548
512368640379710210,119295120.1407314690
601174485138134607,139971842.1387255375
775723158658453688,180612122.1407291576
793334809494654782,184712654.1407291198
1039597655742858818,242050191.1407305282
1236992458586449220,288009750.1407313220
1444286379363238921,336274127.1407288329
2044102914714199588,475929797.1407280676
2062130593262585818,480127193.1407305690
2081761471427270038,484697863.1401181590
2151978693459830274,501046584.1407313410
2195627028749859030,511209254.1407301846
2222066602610918942,517365197.1407321630
2411604591715153286,561495449.1407317382
2983383408759127759,694623079.1407303375
3099291210139882358,721609967.1407243126
3162478352386852661,736321870.1407289141
4733225090276268083,1102039844.1407326259
4844940105927984377,1128050523.1407288569
5115645331884852742,1191078995.1407305222
5658281507335305788,1317421325.1407318588
5979969446769212933,1392320135.1381907973
6709894263961913130,1562269000.1407289130
6784345426094050462,1579603512.1407306910
6881669647014400107,1602263573.1407291499
7555433377329970672,1759136416.1407319536
7994632734404367721,1861395485.1407309161
8160166486298678902,1899936815.1407276662
8195142539586970601,1908080312.1405494249
8581418360454089384,1998017160.1407290024
8821733488746146344,2053969886.1407298088
9062261157789758053,2109972098.1407251045
9111692091018302365,2121481134.1407308701
473138005371694991,110161026.1407889295
1331583100329564402,310033350.1410242802
1471351382069902901,342575689.1410235957
1565048868181024499,364391335.1410244339
2235003714119435232,520377353.1405387744
2262009918725705191,526665225.1410223591
2588597239048726993,602704761.1410230737
2779685238900434556,647195903.1410246268
2852583654390908419,664168888.1410221571
2918628745186021195,679546209.1410240331
3271919947362494919,761803227.1410230727
3731111939102740178,868717194.1399852754
3799778892694053037,884704965.1410228397
4150309143863741165,966319149.1410190061
5045523492495058481,1174752482.1410229809
5347772083555150323,1245125216.1410214387
5548506524119098963,1291862345.1410229843
5717876794205327909,1331296934.1410257445
5742606614600271160,1337054794.1410254136
5745545360073180996,1337739024.1410221892
5921158012936824063,1378627031.1410245887
5980277709485285046,1392391908.1410244278
6544400021474686409,1523736869.1410250185
6805918290910544663,1584626336.1410237207
6816710306761144992,1587139048.1396570784
7036764244675546323,1638374348.1410223315
7288547090266759416,1696997110.1410244856
7310224159576860336,1702044196.1410246320
7566818888958001440,1761787312.1410253088
7757239665640232629,1806123104.1410225845
7811193590264447485,1818685231.1401242109
7847048050274930509,1827033248.1410273101
8334060628260838791,1940424700.1410227591
8385379216795807438,1952373240.1410248398
8886469177159613863,2069042338.1410235815
8918731025866996861,2076553885.1410251901
8924905732844707901,2077991546.1410228285
9049278803096805856,2106949408.1410245088
9220105148700716010,2146723016.1410231274
1033708448126747143,240679003.1407861255
2489150256309790111,579550456.1407903135
4518276923598249498,1051993324.1407917594
4627174097106435818,1077347923.1407909610
5194276901650879386,1209386834.1407898522
5318730274906493859,1238363393.1407898531
6588296232209948251,1533957252.1407917659
6596236574473252759,1535806007.1407905687
7861504042607505298,1830399046.1407905682
8596637083146873482,2001560545.1407937162
8880541512403434692,2067662196.1407892676
9027574808634377497,2101896053.1407894809
12734235836068932,2964920.1400812612
1007879343737951855,234665196.1408521839
1049497456575614152,244355168.1407028424
1204148774955645785,280362734.1408498521
1480036935517083979,344597952.1408506187
1565224811514567092,364432300.1408506292
2065340583101361165,480874577.1408527373
2134420914399613571,496958595.1408504451
2612476789061330491,608264652.1408509499
2797919423769579984,651441380.1408471504
2886038357248588491,671958168.1408514763
3118730412511457921,726136009.1408496257
3507408000563546177,816632062.1408501825
3584637482550181471,834613452.1408515679
3776781833903261545,879350545.1408485225
3857755234586861231,898203634.1408507567
4149777813457882287,966195439.1408519343
4209137040330040144,980016086.1406116688
5122060909219674222,1192572738.1408497774
5812745741234601119,1353385332.1408498847
6483964802211509481,1509665698.1408496873
7385355700333680675,1719537121.1380685859
8154750257661754395,1898675751.1408515099
8165806916525846681,1901250080.1408463001
8245601533370298872,1919828712.1408496120
8330764747665573751,1939657318.1408501623
8558918693238892770,1992778548.1408526562
8921124632614170442,2077111190.1408528202
9187246501400931991,2139072516.1408495255
661509008914395812,154019568.1410347684
939114271630933817,218654580.1410318137
1809561167363805752,421321291.1410306616
1979065466199492944,460787086.1410353488
2056926510242079069,478915523.1410343261
2129133904149318557,495727617.1410304925
2490990465114977495,579978913.1410348247
2694156402629280345,627282169.1410335321
2962552757247023586,689773065.1410341346
3221897567072678848,750156484.1410331584
3482217403193991891,810766919.1410310867
3826838835926233152,891005349.1410166848
4019908129960841584,935957797.1409634672
4069278207798411911,947452664.1410335367
4130368435338235884,961676341.1406291948
4391929641566224755,1022575805.1410351475
4545747435641635448,1058389301.1410335352
4973318735697783985,1157941002.1410313393
5596534639424437860,1303044762.1410334308
6318574867286613513,1471157853.1398038025
6349884302713444386,1478447649.1410357282
6372605890890036962,1483737931.1410332386
6428866298860558388,1496837078.1410357300
7228366678530188171,1682985266.1410327435
7776799419152704948,1810677214.1410311604
8010706215720961178,1865137884.1410319514
8289041661532587684,1929942905.1410352804
8301730107321479595,1932897164.1410331051
8309050702983828954,1934601623.1410307546
8316413320606225951,1936315866.1410307615
8505292912698827099,1980292823.1410310491
8858112969847864102,2062440144.1410333478
2987885600557636,695671.1406782020
799383575145876866,186120992.1406799234
881841449670923496,205319712.1406784744
1314278346378022114,306004273.1406766306
1315856059664525032,306371613.1406756584
1613486749132456171,375669158.1406599403
1660330089119356612,386575723.1406801604
2034405351005725709,473671907.1406772237
2194938451002502843,511048932.1406774971
2237640579227428610,520991296.1406772994
2304123829701155820,536470634.1406770156
2363220277591642391,550230098.1406767383
2726443737669024218,634799650.1406777818
2947776252974048394,686332642.1406772362
3149521518380965744,733305122.1401675632
3167322912287480572,737449832.1406786300
3375493723609021763,785918376.1363590467
3645453313221696002,848773241.1406769666
3807630526699392461,886533066.1406782925
3944153556918881881,918319811.1404980825
4216360350688842023,981697894.1406767399
4957327399909756753,1154217729.1391365969
5254708710707157827,1223457211.1406786371
5284291655168021735,1230345027.1406784743
5665088540872669561,1319006211.1406794105
5712503197409062205,1330045796.1406774589
6136454548704340123,1428754662.1406806171
6149381678710739495,1431764494.1406751271
6227405746827033191,1449930888.1406794343
6249097693903839567,1454981438.1406787919
6802334454231134328,1583791909.1406726264
7018121655655993998,1634033782.1406800526
7424910012693683966,1728746577.1406738174
7524135482492055722,1751849307.1406791850
7567634408754782185,1761977190.1406803945
8025515172759718252,1868585863.1406781804
8538897046056861057,1988116895.1406795137
471734053576583295,109834143.1407395967
677089028547506446,157647074.1407414542
713929320982313881,166224623.1407384473
1133452621124912361,263902503.1407370473
1231409409123610318,286709845.1407381198
1924928902374049712,448182435.1407403952
2122294331931452851,494135155.1402561971
2373987580211563008,552737056.1404242432
2715708922179829907,632300256.1407402131
2877031956856605055,669861202.1407355263
3309413371176224718,770532845.1407387598
4161716572704156363,968975148.1407396555
4972065051921021362,1157649106.1407383986
5286858568142862613,1230942683.1407367445
5311348703592907203,1236644737.1407386051
5754220223345623893,1339758798.1407353685
6152348762378546882,1432455322.1407397570
6286060478806572650,1463587507.1407401578
6327857915118167820,1473319231.1405298444
6425879385326431268,1496141633.1407396900
6455058766070221011,1502935487.1407387859
7243230886028832416,1686446109.1407381152
8007843130388961979,1864471270.1407376059
8326484125559216251,1938660658.1407375483
8619969093549895270,2006992952.1407397478
9036678837926302803,2104015750.1407390803
9057436964623665755,2108848878.1407371867
49620694841448679,11553218.1367890151
1066938137649607229,248415893.1407971901
1285714498873500005,299353734.1408016741
1990650109685946737,463484346.1407998321
2185095025911340434,508757081.1407917458
2294805262498558338,534300986.1408004482
2466854707414177336,574359369.1407981112
2609534745052985018,607579654.1407989434
3151243357891348586,733706019.1407993962
3253325346013711924,757473834.1407979060
4625479620839114558,1076953397.1408010046
4822217100412852093,1122759911.1407981437
5133329120992433855,1195196323.1407981247
5180302233415982182,1206133103.1407982694
5465504859487520465,1272537014.1408026321
5805697571052353338,1351744302.1408005946
5845284675461584592,1360961393.1407981264
5954051586906704311,1386285663.1408027063
5964615686036410182,1388745309.1407995718
6036129129192760588,1405395830.1407984908
6241861533004732199,1453296638.1407981351
6961573854245028448,1620867721.1407976032
7992853393878845523,1860981200.1408010323
8183315565410606265,1905326630.1362713785
8487368833054303658,1976119548.1408001450
8699866510437134783,2025595519.1407988159
116467282409266264,27117152.1408605272
818144782570589332,190489176.1408601236
1483264693634443021,345349473.1408608013
2467754683451934364,574568911.1408599708
2511508726477065042,584756193.1408600914
2678609050512755778,623662269.1408601154
2796256781799868449,651054266.1408583713
2876582024673878436,669756444.1408623012
3005472416973767676,699766077.1408549884
3260387973053525778,759118230.1406119698
3298625289503182879,768021049.1408569375
3649700593497612353,849762138.1408573505
3910310601904441858,910440134.1408584194
3918324817605248076,912306089.1408582732
4260195306604701884,991904015.1408608444
4576411779847073287,1065528900.1404218887
4773042400638896792,1111310534.1408600728
5050828953889444075,1175987756.1373016299
5147874242489305882,1198582873.1408584474
5167702178054617053,1203199424.1408579549
5484921225517286589,1277057739.1408582845
5607058009377576095,1305494925.1408603295
5782082926031507796,1346246089.1408602452
6738807897900544817,1569000980.1408594737
6908392718783042419,1608485523.1408586611
7407797398404455772,1724762236.1408621916
7453711775619726128,1735452510.1408613168
7497185645038816350,1745574559.1404193886
7849816203940157306,1827677759.1408587642
8390105059504254307,1953473561.1408593251
8411510910219540672,1958457499.1408587968
8452595403436948760,1968023228.1408597272
8474585266625283200,1973143142.1408599168
8669631890589058839,2018555973.1408599831
8747869895321281900,2036772178.1408591212
9101325221083074774,2119067409.1408618710
9196118984711576095,2141138302.1408604703
9214425797479489752,2145400689.1408622808
331271541914755188,77130166.1409704052
636461090355974357,148187645.1409716437
668367015123531464,155616322.1409726152
721843786069992823,168067353.1409705335
935095621055324544,217718915.1409720704
1113703906233637307,259304397.1409636795
1371046870457420495,319221725.1409714895
1539738252243031326,358498248.1409733918
1986699736207767664,462564578.1409726576
2598178456387097474,604935562.1409717122
2699728959486458387,628579631.1409710611
2888949949939500539,672636076.1409730043
3027746465264362839,704952158.1409738071
3084095809122657162,718072012.1409737610
3087612764567755599,718890867.1409669967
3159044448726722070,735522352.1409721878
3712198711322269054,864313615.1409734014
3784881218806756360,881236330.1409692680
4074249172881397844,948610057.1409701972
4434922861199018069,1032585944.1409730645
4496247911784659303,1046864295.1409562983
4541560911974288241,1057414550.1409731441
4759739834657317622,1108213289.1409721078
5207737028510659828,1212520764.1409725684
5351887628591861564,1246083441.1409716028
5815140619295043611,1353942933.1409724443
6031583602096382255,1404337492.1409720623
6191015459593570491,1441458114.1409730747
6928785902110418475,1613233681.1409721899
7277171981051920776,1694348636.1409712520
7513907151023536632,1749467838.1409710584
7577266727617452323,1764219889.1409702179
7592251546390683627,1767708814.1409736683
8253716105277225341,1921718033.1408776573
8417678186904996609,1959893430.1409731329
8731791384602126841,2033028608.1409722873
8755569019337481503,2038564770.1409719583
8817710487371692073,2053033208.1409726505
912286570161162083,212408269.1406191459
939940335559983691,218846913.1394426443
1145842171548590200,266787170.1406197880
1215745775010896589,283062871.1354029773
1463817640061482890,340821603.1406187402
1844513082933557085,429459168.1406187357
2161876986758235276,503351210.1406207116
3104793716080051576,722891119.1406207352
3272888866210625841,762028821.1406187825
3599964635984347433,838182083.1406189865
3612784039621104306,841166833.1406210738
4755473184075786565,1107219882.1404807493
6492472385098269973,1511646524.1406190869
6747618993226658013,1571052473.1391735005
6846534800192354490,1594083104.1406187706
7775843509752360101,1810454649.1406200997
7986967802622839564,1859610854.1406208780
8073472764701364136,1879751860.1406193576
24629358225019205,5734469.1410093381
346612585275842482,80702031.1410064306
801483204271523473,186609850.1410057873
1691906276365968496,393927627.1410081904
1765007298348711638,410947785.1410072278
2373614068386473609,552650091.1410049673
2601160026979301076,605629763.1410070228
3590413676693932572,835958327.1410058780
3647447410705961463,849237528.1410077175
5199611440013230208,1210628878.1410056320
5558632721268104821,1294220034.1410096757
6318465208193661275,1471132321.1410087259
6390751307376627338,1487962740.1410076298
6884285230560854508,1602872561.1410089452
8166847320815248146,1901492318.1410016018
8418469556104405773,1960077685.1410016013
8952400786328640576,2084393237.1410063424
8970545902167771274,2088617976.1410058378
331775186957105571,77247430.1407056291
347924706371732670,81007533.1407091902
421389387530440922,98112362.1407127770
524354854720573403,122085878.1407127515
736657291480079797,171516391.1407131061
1959004318201762846,456116236.1407144990
2631987193398094043,612807272.1407117531
2842486985138824703,661818074.1407116799
3296020108368871184,767414483.1407123216
3437074844483544967,800256348.1407149959
3582304829975778344,834070339.1407145000
3811706957469790507,887482184.1407136043
5327935197274893202,1240506581.1407118226
5397566942231131353,1256718985.1393816793
5497155079081202344,1279906155.1407095464
5969026419859564783,1389772263.1386653935
6303978755947704974,1467759431.1407136398
6310312995190666602,1469234236.1407120746
6458021739453427164,1503625358.1407135196
6543701062788791470,1523574130.1407138990
6576308291291278040,1531166092.1407150808
7140843457012004776,1662607178.1407154088
7172375775459350121,1669948868.1407129193
7381091201562108581,1718544215.1407115941
7513179231373698127,1749298356.1407132751
7736432554837742200,1801278571.1407128184
8052708182669081173,1874917229.1407138389
395675852121578986,92125463.1407720938
574057122508576219,133658089.1407718875
1038385976749563989,241768075.1407688789
1758915716165690460,409529478.1407738972
1815701974162135630,422751059.1407769166
1957811094683140864,455838417.1407730432
2378081281047470118,553690195.1406607398
2557258490479905352,595408140.1407715912
2705819124325960379,629997608.1407732411
2766803871768008563,644196726.1407735667
2903491562445489404,676021809.1407730940
3078204247861896538,716700276.1407722842
4291828118696008922,999269103.1407753434
4364162965740074347,1016110872.1390032235
5237451347429170862,1219439168.1407721134
5580564495021412344,1299326423.1407750136
6221874232677650904,1448642982.1407734232
6399625714830166340,1490028974.1407732036
6526807564844798051,1519640806.1407717475
6561842360402603764,1527797980.1407741684
8374914404422530598,1949936711.1407727142
8579920383235887810,1997668385.1407750850
9127232592660660218,2125099439.1407713274
356453570825588791,82993314.1408929847
418009402873819968,97325398.1393636160
508620121774416620,118422350.1408951020
621085240579517051,144607676.1408952955
746458484160762597,173798409.1408930533
766750181704786941,178522938.1408951293
1230877632044372424,286586031.1408930248
1330952612014117256,309886553.1408946568
1582263247425950263,368399370.1408946743
1748427088196800943,407087404.1403261359
1759547596050485017,409676599.1408978713
2125408376500987704,494860200.1408968504
2183241283667656573,508325473.1408925565
2893638211649549757,673727647.1373517245
3079087280254282158,716905873.1408952750
3108841078514195413,723833469.1408965589
3261267062661650715,759322909.1403066651
3456773600319246193,804842822.1408896881
3942989217058686171,918048717.1408926939
4142937876175998614,964602892.1408978582
4505912253919961275,1049114450.1408934075
4753402417137762432,1106737744.1408942208
5141288318163148672,1197049468.1408950144
5468835301683819046,1273312443.1408954918
5527034002607720591,1286862884.1391478927
5785176002564642143,1346966252.1408947551
6093937460557577404,1418855381.1408957628
6236628725240905007,1452078280.1408974127
6455548293559285281,1503049464.1408955937
6698589592212890512,1559636926.1408918416
6904880174269639994,1607667695.1408937274
7086655692886180339,1649990606.1408958963
7394831587922870861,1721743398.1408959053
7683632649264096591,1788985135.1408951631
8316437312292166273,1936321452.1408932481
223089433215338223,51942056.1408337647
401973180416220287,93591674.1408326783
750949319144738511,174844013.1408339663
772571812301271795,179878392.1404203763
787127155810624532,183267322.1395123220
1138320189166826405,265035822.1408349093
1142080944135582661,265911441.1408349125
1748600553340998600,407127792.1408308168
1839110550948257444,428201293.1408343716
1989238345346155313,463155644.1408336689
2047818516692828722,476794903.1408336434
2663578335718768275,620162658.1408335507
2785986372533583624,648663000.1408335624
2816977061245176541,655878582.1408322269
3033037306625836057,706184028.1408287769
3585950733225267701,834919217.1408340469
4988858760596413886,1161559196.1408359870
5205143396543472070,1211916887.1408344518
5538264904016954591,1289477782.1408337119
5720313286200748504,1331864224.1408330200
5894370091456352038,1372389982.1408323366
6018250683578374062,1401233180.1408292782
6240908754640017230,1453074802.1408341838
6260410079417293079,1457615308.1408325911
6392890282692687102,1488460759.1408349438
7647978364802805307,1780683725.1408347707
7667273750193163389,1785176282.1408289917
7696910240011359915,1792076565.1408341675
8544142373652883685,1989338168.1408329957
8607037848965732190,2003982162.1408358238
8996797854674886948,2094730235.1407492388
873608873540462805,203402916.1409427669
1561294160525431740,363517124.1409455036
1760462260876219215,409889561.1409422159
1856815780533023314,432323613.1409462866
2274899957393807199,529666421.1409439583
3027322152560007259,704853365.1409456219
3378159313502776660,786539007.1409461588
6903139295176096603,1607262365.1409481563
7434539750280846338,1730988675.1409473538
7700729724364007637,1792965858.1409427669
7759786710095030913,1806716134.1409477249
8931580558698536242,2079545650.1409473842
9205004163946249799,2143207044.1409416775
219153319025053813,51025608.1406537845
245231003236703095,57097292.1406540663
278827074944628562,64919487.1406531410
282123720042339914,65687047.1406525002
429269772049717526,99947157.1406540054
879167574830888831,204697152.1406547839
1327375870621764387,309053778.1406520099
1366515052891751199,318166579.1406550815
1522132000177525133,354398973.1406538125
1979105113038781338,460796317.1406532506
2201498339234760709,512576275.1404258309
2473954503101363979,576012419.1406514955
2559867485542540896,596015594.1406527072
3248409498243930235,756329274.1406507131
3282105616919210462,764174763.1405659614
3308186122925249464,770247104.1406538680
3438854807779415703,800670778.1406539415
3731192392436788146,868735926.1406512050
4102030301248979245,955078355.1406501165
4641304225976275264,1080637850.1406521664
5176534980160250170,1205255971.1406525754
5227546358274448585,1217132983.1406524617
5398132860019661699,1256850748.1406524291
5716235343586862721,1330914754.1392977537
5733921967385737137,1335032742.1406531505
5824840068490431013,1356201262.1406503461
7529447137266227767,1753086023.1406523959
7544983850747029354,1756703446.1406527338
7637051469783755726,1778139609.1406528462
7998373930091283470,1862266550.1406534670
8757894610981068029,2039106239.1406508285
8799814827524887941,2048866550.1406539141
9084907515318474157,2115244864.1406506413
9178567351746271493,2137051744.1406507269
851581635547170315,198274300.1409877515
875615353411981362,203870086.1409273906
1038158738622045307,241715167.1409866875
1399951648172345185,325951643.1409877857
1877307065207711821,437094612.1409902669
2540708791784606553,591554863.1409846105
2886749337546213451,672123706.1409894475
3052639064919974328,710747918.1409884600
3395850782011593304,790658123.1409847896
3646787162563220632,849083802.1409881240
3991493008582824479,929341886.1409864223
4428270459368844868,1031037061.1409887812
4484700028921279049,1044175594.1409905225
4856619028246545010,1130769734.1409925746
5225454421441871513,1216645916.1409908377
5588069426387314058,1301073801.1409901962
5652829858104431106,1316152014.1409896962
5873155710384075969,1367450624.1409283265
5879046683232930009,1368822223.1409911001
6357085953551063975,1480124414.1409899431
7120071805465347266,1657770901.1409893570
7352691589313528783,1711931915.1409876943
7453621731631636841,1735431545.1409884521
8184408398411406286,1905581075.1409883086
8233936196037316847,1917112664.1409880303
8569089910232002002,1995146719.1405300178
1574737751757986325,366647204.1408145941
4082144396511725822,950448307.1408157950
4546612515067300652,1058590718.1408142124
5239568774896488683,1219932170.1408176363
5526880397414014129,1286827120.1408146609
7884957798154290255,1835859799.1408156751
8292329553484754946,1930708427.1408151554
8304471602124208295,1933535468.1408153767
8660255478765272980,2016372857.1408188308
8754719333070862573,2038366937.1408170221
8998836168844847306,2095204817.1408182474
69142845956066805,16098573.1408798197
170382200149602663,39670197.1408725351
336650567545259515,78382568.1408763387
462089790414151776,107588663.1408786528
651701545581644037,151736090.1408731397
1437987260069352622,334807499.1408799918
2930035521192723079,682202056.1408762503
3658535306865942322,851819130.1408769842
4204891765808320715,979027656.1408782539
5049911965522614688,1175774253.1408784800
5304188301622113351,1234977576.1408758855
6297525060780959533,1466256813.1408771885
7335643356581074634,1707962564.1408767690
7560027364545516468,1760206037.1408750516
8435862451370083406,1964127284.1408779342
8570013564427307362,1995361774.1408764258
483900093903529265,112666770.1407575345
757431666039165271,176353302.1407553879
1335246359538049030,310886269.1407590406
3034992822414834090,706639332.1407547818
3597386118009809097,837581725.1407543497
2674696678901208104,622751349.1406325800
2929048529115718682,681972254.1406313498
3431032736030356725,798849560.1406366965
3879900528344525229,903359737.1406364077
4117654743731620331,958716204.1406355947
4473494944563913485,1041566707.1396499213
4606584801276930045,1072554104.1406347261
4752621411692113272,1106555902.1406332280
5248621208744925672,1222039854.1406310888
6277593294378843992,1461616087.1406353240
7255074945541240152,1689203769.1406301528
8095549476423553749,1884891995.1406358229
8441618781286108552,1965467534.1406340488
9220654878740945601,2146851010.1406376641
116422481606087866,27106721.1409291450
294330846026348160,68529240.1406613120
477379264103092769,111148521.1409323553
826879096783709298,192522792.1409098866
889836844824268907,207181285.1406013547
1360091388137449305,316670953.1409296217
1620599369596126528,377325194.1409271104
1973971639280344016,459601087.1409293264
2451308192819318479,570739664.1409289935
2537146691937641291,590725497.1409295179
2907279289810418503,676903708.1409284935
3106500862504087590,723288595.1409298470
3281717364764166814,764084366.1409272478
4122559312918734284,959858138.1409279436
4227082311342749025,984194295.1407972705
4522516425687974679,1052980410.1409303319
4679578981656194817,1089549386.1409314561
5085238144547133081,1183999270.1409259161
5801240692080511713,1350706604.1409288929
6543958382871595837,1523634042.1409305405
6696249088440000721,1559091985.1409278161
6934154422251428502,1614483637.1409292950
7190388047962177621,1674142677.1409286229
8282930623148934961,1928520068.1409238833
8404316474927219184,1956782414.1409286640
8464387038580325274,1970768682.1409301402
8505134415519697880,1980255920.1409305560
8972426629691229391,2089055867.1409303759
9117870676353483710,2122919698.1409287102
1080305939889500623,251528327.1406906831
2049531109130930200,477193647.1406961688
2093150350312488078,487349543.1406942350
2369792406483368108,551760291.1406924972
2536676667894259521,590616061.1406918465
4302875779602889601,1001841337.1406974849
5772225641061580363,1343951011.1390444107
5821323555427375710,1355382510.1406982750
6441665653586549630,1499817160.1406950270
8224578089361632925,1914933810.1406955165
8228451896459505415,1915835751.1406906119
8242846591021250064,1919187277.1406957072
