a_fullVisitorId,a_hits_customDimensions_value,a_COUNT,a_SUM_totals_pageviews,a_SUM_totals_hits,a_SUM_totals_timeOnSite,a_SUM_hits_hitNumber,a_diffdays_latest,a_diffdays_oldest,a_desktop_flag,a_tablet_flag,a_mobile_flag,a_OS_Windows_flag,a_OS_Macintosh_flag,a_SUM_morning_visit,a_SUM_daytime_visit,a_SUM_evening_visit,a_SUM_midnight_visit,a_page201404,a_page201405,a_page201406,b_hits_customDimensions_value,b_CV_flag
1,1,4,5,10,34,4,24,27,1,0,0,1,0,0,1,0,3,0,0,0,1,0
2,2,1,1,2,1,1,24,24,1,0,0,1,0,0,0,1,0,0,0,0,2,0
3,3,1,1,2,1,1,24,24,1,0,0,1,0,1,0,0,0,0,0,0,3,0
4,4,3,4,8,97,5,11,42,1,0,0,1,0,0,0,0,3,0,0,0,4,0
5,5,1,1,2,2,1,24,24,1,0,0,1,0,0,1,0,0,0,0,0,5,0
6,6,1,1,1,1,1,24,24,1,0,0,1,0,0,0,1,0,0,0,0,6,0
7,7,1,1,2,2,1,24,24,1,0,0,1,0,0,1,0,0,0,0,0,7,0
8,8,1,1,2,3,1,24,24,1,0,0,0,1,0,0,1,0,1,0,0,8,0
9,9,1,1,2,2,1,24,24,1,0,0,1,0,0,0,1,0,0,0,0,9,0
10,10,1,1,2,1,1,24,24,1,0,0,1,0,1,0,0,0,0,0,0,10,0
11,11,1,1,2,1,1,4,4,0,0,1,1,0,1,0,0,0,0,0,0,11,0
12,12,1,1,2,1,1,4,4,1,0,0,1,0,0,0,1,0,0,0,0,12,0
13,13,1,1,2,2,1,4,4,1,0,0,1,0,0,1,0,0,0,0,0,13,0
14,14,1,1,2,1,1,4,4,1,0,0,1,0,0,0,0,1,0,0,0,14,1
15,15,1,1,2,1,1,4,4,1,0,0,1,0,0,1,0,0,0,0,0,15,1
16,16,1,1,2,4,1,4,4,1,0,0,1,0,0,0,1,0,0,0,0,16,1
17,17,1,1,2,10,1,4,4,1,0,0,1,0,0,0,1,0,0,0,0,17,0
18,18,1,4,5,62,1,4,4,1,0,0,1,0,1,0,0,0,0,0,0,18,0
19,19,1,1,2,1,1,4,4,1,0,0,1,0,0,0,1,0,0,0,0,19,0
20,20,1,1,1,1,1,4,4,1,0,0,0,0,0,0,0,1,0,0,0,20,0
21,21,1,1,1,1,1,4,4,1,0,0,1,0,1,0,0,0,0,0,0,21,0
22,22,1,2,3,17,1,4,4,0,0,1,0,0,0,1,0,0,0,0,0,22,0
23,23,4,3,7,4,4,4,5,1,0,0,1,0,0,4,0,0,0,0,0,23,1
24,24,1,1,2,1,1,4,4,1,0,0,1,0,0,0,1,0,0,0,0,24,0
25,25,1,1,2,1,1,4,4,1,0,0,1,0,0,0,0,1,0,0,0,25,1
26,26,1,1,2,1,1,4,4,1,0,0,1,0,0,0,1,0,0,0,0,26,1
27,27,1,1,2,1,1,11,11,1,0,0,1,0,0,1,0,0,0,0,0,27,0
28,28,1,1,2,1,1,11,11,1,0,0,1,0,1,0,0,0,0,0,0,28,0
29,29,1,1,2,3,1,11,11,1,0,0,1,0,0,0,1,0,0,0,0,29,0
30,30,1,1,2,9,1,11,11,1,0,0,1,0,0,0,0,1,0,0,0,30,1
31,31,1,1,1,1,1,11,11,1,0,0,1,0,0,0,1,0,0,0,0,31,1
32,32,1,1,2,1,1,11,11,1,0,0,0,1,0,0,1,0,0,0,0,32,0
33,33,1,1,3,2,3,11,11,1,0,0,1,0,0,1,0,0,0,0,0,33,0
34,34,1,1,2,1,1,11,11,1,0,0,1,0,0,1,0,0,0,0,0,34,0
35,35,1,2,4,49,3,11,11,1,0,0,0,1,0,1,0,0,0,0,0,35,1
36,36,1,1,1,1,1,11,11,1,0,0,1,0,0,1,0,0,0,0,0,36,0
37,37,1,1,2,25,1,11,11,1,0,0,1,0,0,1,0,0,0,0,0,37,0
38,38,1,1,2,1,1,11,11,1,0,0,1,0,0,1,0,0,0,0,0,38,0
39,39,1,1,2,1,1,11,11,1,0,0,1,0,0,1,0,0,0,0,0,39,0
40,40,1,1,2,2,1,11,11,1,0,0,1,0,1,0,0,0,0,0,0,40,0
41,41,2,2,5,11,2,11,12,1,0,0,1,0,0,1,1,0,0,0,0,41,0
42,42,1,1,2,1,1,11,11,1,0,0,1,0,1,0,0,0,0,0,0,42,0
43,43,1,1,2,2,1,11,11,1,0,0,1,0,0,1,0,0,0,0,0,43,0
44,44,1,1,2,1,1,11,11,1,0,0,1,0,1,0,0,0,0,0,0,44,0
45,45,1,1,2,1,1,11,11,1,0,0,1,0,0,0,1,0,0,0,0,45,0
46,46,12,12,24,31,12,3,35,1,0,0,1,0,3,0,0,9,0,0,0,46,1
47,47,1,1,2,3,1,11,11,1,0,0,1,0,0,1,0,0,0,0,0,47,0
48,48,1,1,2,5,1,11,11,1,0,0,1,0,0,1,0,0,0,0,0,48,0
49,49,1,1,2,2,1,11,11,1,0,0,1,0,1,0,0,0,0,0,0,49,0
50,50,1,1,2,2,1,17,17,1,0,0,0,1,0,0,0,1,0,0,0,50,1
51,51,1,1,2,1,1,17,17,1,0,0,1,0,0,0,1,0,0,0,0,51,0
52,52,1,1,2,1,1,17,17,1,0,0,1,0,0,0,1,0,0,0,0,52,0
53,53,1,1,1,1,1,17,17,0,1,0,0,0,0,0,1,0,0,0,0,53,1
54,54,1,1,2,1,1,17,17,1,0,0,1,0,0,1,0,0,0,0,0,54,0
55,55,1,1,2,10,1,17,17,1,0,0,1,0,0,0,0,1,0,0,0,55,0
56,56,1,1,2,1,1,17,17,1,0,0,1,0,0,0,1,0,0,0,0,56,0
57,57,1,1,1,1,1,17,17,1,0,0,1,0,0,0,1,0,0,0,0,57,0
58,58,1,1,2,1,1,31,31,1,0,0,1,0,1,0,0,0,0,0,0,58,0
59,59,1,1,1,1,1,31,31,1,0,0,1,0,1,0,0,0,0,0,0,59,0
60,60,1,1,2,1,1,31,31,1,0,0,1,0,0,1,0,0,0,0,0,60,0
61,61,1,1,2,1,1,31,31,1,0,0,1,0,0,0,0,1,0,0,0,61,0
62,62,1,1,2,1,1,31,31,1,0,0,0,1,0,0,1,0,0,0,0,62,0
63,63,1,1,2,1,1,31,31,1,0,0,1,0,0,0,0,1,0,0,0,63,0
64,64,1,1,2,5,1,31,31,1,0,0,1,0,0,0,1,0,0,0,0,64,0
65,65,1,1,2,1,1,31,31,1,0,0,1,0,1,0,0,0,0,0,0,65,0
66,66,1,1,2,1,1,31,31,1,0,0,1,0,0,1,0,0,0,0,0,66,0
67,67,1,1,2,1,1,38,38,1,0,0,1,0,0,0,0,1,0,0,0,67,0
68,68,1,1,2,1,1,38,38,1,0,0,1,0,0,0,1,0,0,0,0,68,0
69,69,1,1,2,1,1,38,38,1,0,0,1,0,0,1,0,0,0,0,0,69,0
70,70,1,1,2,5,1,38,38,1,0,0,1,0,0,1,0,0,0,0,0,70,0
71,71,1,1,2,3,1,38,38,1,0,0,1,0,0,0,1,0,0,0,0,71,0
72,72,1,1,2,1,1,38,38,1,0,0,1,0,0,1,0,0,0,0,0,72,0
73,73,1,1,2,2,1,38,38,1,0,0,1,0,0,0,1,0,0,0,0,73,0
74,74,1,1,2,1,1,38,38,1,0,0,1,0,0,0,1,0,0,0,0,74,0
75,75,1,2,4,325,3,38,38,1,0,0,1,0,0,0,1,0,0,0,0,75,0
76,76,1,1,2,1,1,38,38,1,0,0,1,0,1,0,0,0,0,0,0,76,0
77,77,2,1,4,1,3,38,38,1,0,0,1,0,0,0,2,0,0,0,0,77,0
78,78,2,2,4,2,2,38,38,1,0,0,1,0,0,2,0,0,0,0,0,78,0
79,79,1,1,2,1,1,45,45,1,0,0,1,0,0,1,0,0,0,0,0,79,0
80,80,1,1,2,1,1,45,45,1,0,0,0,1,0,0,1,0,0,0,0,80,0
81,81,1,1,2,3,1,45,45,1,0,0,1,0,0,0,1,0,0,0,0,81,0
82,82,1,1,1,1,1,45,45,1,0,0,1,0,0,0,0,1,0,0,0,82,0
83,83,3,5,11,27,7,45,45,1,0,0,1,0,2,1,0,0,0,0,0,83,0
84,84,1,1,2,1,2,45,45,1,0,0,1,0,0,1,0,0,0,0,0,84,0
85,85,1,1,2,4,1,45,45,1,0,0,1,0,0,1,0,0,0,0,0,85,0
86,86,2,4,8,115,4,1,15,1,0,0,1,0,0,0,2,0,0,1,1,86,1
87,87,1,1,2,1,1,15,15,1,0,0,1,0,1,0,0,0,0,0,0,87,0
88,88,2,4,8,32,4,15,15,1,0,0,1,0,2,0,0,0,0,0,0,88,0
89,89,1,1,2,1,1,15,15,1,0,0,1,0,0,0,0,1,0,0,0,89,0
90,90,2,4,6,421,2,15,15,1,0,0,1,0,0,2,0,0,0,0,0,90,0
91,91,1,2,4,22,3,15,15,1,0,0,1,0,0,0,1,0,0,0,0,91,0
92,92,1,1,1,1,1,15,15,1,0,0,1,0,0,1,0,0,0,0,0,92,0
93,93,1,1,2,2,1,15,15,1,0,0,1,0,1,0,0,0,0,0,0,93,0
94,94,6,23,46,1253,28,15,15,1,0,0,1,0,0,6,0,0,0,0,0,94,0
95,95,1,1,2,6,1,15,15,1,0,0,1,0,0,0,1,0,0,0,0,95,0
96,96,1,2,3,37,1,15,15,1,0,0,1,0,1,0,0,0,0,0,0,96,0
97,97,1,1,1,1,1,15,15,1,0,0,1,0,0,1,0,0,0,0,0,97,0
98,98,1,1,2,1,1,15,15,1,0,0,1,0,0,0,0,1,0,0,0,98,0
99,99,1,1,2,2,1,15,15,1,0,0,1,0,0,0,1,0,0,0,0,99,0
100,100,1,2,3,165,1,15,15,1,0,0,1,0,1,0,0,0,0,0,0,100,0
101,101,1,1,2,1,1,15,15,1,0,0,1,0,0,1,0,0,0,0,0,101,0
102,102,1,1,2,1,1,15,15,1,0,0,1,0,0,0,1,0,0,0,0,102,0
103,103,1,1,2,1,1,15,15,1,0,0,1,0,0,1,0,0,0,0,0,103,1
104,104,1,1,2,13,1,15,15,1,0,0,1,0,0,1,0,0,0,0,0,104,0
105,105,1,2,4,42,3,15,15,1,0,0,1,0,0,0,1,0,0,0,0,105,1
106,106,1,1,2,1,1,15,15,1,0,0,1,0,0,1,0,0,0,0,0,106,0
107,107,1,1,2,1,1,15,15,1,0,0,1,0,1,0,0,0,0,0,0,107,0
108,108,1,1,2,2,1,15,15,1,0,0,1,0,0,0,0,1,0,0,0,108,0
109,109,1,1,1,1,1,15,15,1,0,0,1,0,0,1,0,0,0,0,0,109,0
110,110,1,1,2,1,1,15,15,1,0,0,1,0,1,0,0,0,0,0,0,110,0
111,111,1,1,2,1,1,15,15,1,0,0,1,0,0,1,0,0,0,0,0,111,0
112,112,1,2,4,27,3,15,15,1,0,0,1,0,0,1,0,0,0,0,0,112,0
113,113,1,2,3,87,2,15,15,1,0,0,1,0,0,1,0,0,0,0,0,113,1
114,114,1,2,4,27,3,15,15,1,0,0,1,0,0,1,0,0,0,0,0,114,1
115,115,1,1,2,1,1,15,15,1,0,0,1,0,0,1,0,0,0,0,0,115,0
116,116,1,1,2,3,1,15,15,1,0,0,1,0,0,0,1,0,0,0,0,116,0
117,117,1,1,2,1,1,15,15,1,0,0,0,1,1,0,0,0,0,0,0,117,0
118,118,10,10,20,10,10,5,43,1,0,0,1,0,1,5,4,0,0,0,0,118,1
119,119,2,2,4,1,2,9,9,1,0,0,1,0,2,0,0,0,0,0,0,119,0
120,120,1,1,2,2,1,9,9,1,0,0,1,0,0,1,0,0,0,0,0,120,0
121,121,18,18,36,98,18,1,44,1,0,0,1,0,9,9,0,0,0,0,0,121,1
122,122,1,1,2,1,1,9,9,1,0,0,1,0,1,0,0,0,0,0,0,122,1
123,123,1,1,2,1,1,9,9,1,0,0,1,0,0,1,0,0,0,0,0,123,0
124,124,1,1,2,3,1,9,9,1,0,0,1,0,0,0,0,1,0,0,0,124,1
125,125,1,1,2,1,1,9,9,1,0,0,1,0,0,1,0,0,0,0,0,125,0
126,126,1,1,2,49,1,9,9,1,0,0,1,0,1,0,0,0,0,0,0,126,0
127,127,1,1,2,1,1,9,9,1,0,0,1,0,0,1,0,0,0,0,0,127,0
128,128,1,1,2,1,1,9,9,1,0,0,1,0,0,0,1,0,0,0,0,128,0
129,129,1,1,2,1,1,9,9,1,0,0,1,0,0,1,0,0,0,0,0,129,0
130,130,1,1,2,1,1,9,9,1,0,0,1,0,0,0,1,0,1,0,0,130,0
131,131,1,1,1,1,1,9,9,0,0,1,0,0,0,0,0,1,0,0,0,131,0
132,132,1,1,2,2,1,9,9,1,0,0,1,0,0,1,0,0,0,0,0,132,1
133,133,1,1,2,1,1,9,9,1,0,0,1,0,0,1,0,0,0,0,0,133,0
134,134,1,1,2,2,1,9,9,1,0,0,1,0,0,1,0,0,0,0,0,134,0
135,135,1,1,2,1,1,9,9,1,0,0,1,0,0,1,0,0,0,0,0,135,0
136,136,2,2,6,10,4,9,9,1,0,0,1,0,0,0,2,0,0,0,0,136,0
137,137,1,2,4,306,3,9,9,1,0,0,0,1,0,1,0,0,0,0,0,137,1
138,138,2,2,4,5,2,9,33,1,0,0,1,0,1,1,0,0,0,0,0,138,0
139,139,1,1,2,1,1,9,9,1,0,0,1,0,0,1,0,0,0,0,0,139,1
140,140,1,1,2,1,1,9,9,1,0,0,1,0,0,1,0,0,0,0,0,140,1
141,141,1,1,2,2,1,9,9,1,0,0,1,0,0,1,0,0,0,0,0,141,1
142,142,1,1,2,1,1,9,9,1,0,0,1,0,0,0,1,0,0,1,0,142,1
143,143,1,1,2,1,1,9,9,1,0,0,1,0,1,0,0,0,0,0,0,143,0
144,144,1,1,2,6,1,9,9,1,0,0,1,0,0,1,0,0,0,0,0,144,1
145,145,1,1,2,1,1,9,9,1,0,0,1,0,0,0,1,0,0,0,0,145,0
146,146,1,1,1,1,1,9,9,1,0,0,1,0,1,0,0,0,0,0,0,146,1
147,147,1,1,2,2,1,9,9,1,0,0,1,0,0,0,1,0,0,0,0,147,0
148,148,2,2,4,2,2,43,43,1,0,0,1,0,1,0,1,0,0,0,0,148,0
149,149,1,4,6,73,5,43,43,0,0,1,1,0,0,0,1,0,0,0,0,149,0
150,150,1,3,4,399,1,43,43,1,0,0,1,0,0,1,0,0,0,0,0,150,0
151,151,2,4,8,392,4,43,43,1,0,0,1,0,0,2,0,0,2,0,0,151,0
152,152,1,1,2,1,1,43,43,1,0,0,1,0,0,0,1,0,0,0,0,152,0
153,153,1,1,2,1,1,43,43,1,0,0,1,0,1,0,0,0,0,0,0,153,0
154,154,2,2,6,22,3,43,43,1,0,0,1,0,0,2,0,0,0,0,0,154,0
155,155,1,1,2,2,1,43,43,1,0,0,0,1,0,0,1,0,0,0,0,155,0
156,156,1,3,6,645,5,43,43,1,0,0,1,0,0,1,0,0,0,0,0,156,0
157,157,1,1,2,1,1,43,43,1,0,0,1,0,0,1,0,0,0,0,0,157,0
158,158,2,4,8,2614,4,43,43,1,0,0,1,0,0,2,0,0,0,0,0,158,0
159,159,1,2,4,36,3,43,43,1,0,0,1,0,1,0,0,0,0,0,0,159,0
160,160,1,2,4,26,1,43,43,1,0,0,1,0,0,1,0,0,0,0,0,160,0
161,161,1,1,2,1,1,43,43,1,0,0,1,0,0,1,0,0,0,0,0,161,0
162,162,1,3,5,89,3,43,43,1,0,0,1,0,1,0,0,0,0,0,0,162,0
163,163,1,1,2,5,1,43,43,1,0,0,1,0,0,1,0,0,0,0,0,163,0
164,164,2,3,5,32,2,33,43,1,0,0,0,1,0,2,0,0,0,0,0,164,0
165,165,1,1,2,5,1,43,43,1,0,0,1,0,0,0,1,0,0,0,0,165,0
166,166,1,1,2,1,1,43,43,1,0,0,1,0,1,0,0,0,0,0,0,166,0
167,167,1,1,2,1,1,43,43,1,0,0,1,0,0,0,1,0,0,0,0,167,0
168,168,1,1,2,3,1,43,43,1,0,0,1,0,0,1,0,0,0,0,0,168,0
169,169,1,1,2,1,1,43,43,1,0,0,1,0,0,1,0,0,0,0,0,169,0
170,170,1,1,2,1,1,43,43,1,0,0,0,1,0,0,0,1,0,0,0,170,0
171,171,2,4,8,36,4,43,43,1,0,0,1,0,0,2,0,0,0,0,0,171,0
172,172,1,1,2,1,1,43,43,1,0,0,1,0,0,0,1,0,0,0,0,172,0
173,173,26,26,64,8240,38,1,47,1,0,0,1,0,10,4,12,0,0,0,0,173,1
174,174,1,2,4,14,1,43,43,0,1,0,0,0,0,1,0,0,0,0,0,174,0
175,175,1,1,2,2,1,43,43,1,0,0,1,0,0,1,0,0,0,0,0,175,0
176,176,1,1,2,1,1,43,43,1,0,0,1,0,0,1,0,0,0,0,0,176,0
177,177,1,1,2,1,1,43,43,1,0,0,1,0,0,0,1,0,0,0,0,177,0
178,178,1,1,2,9,1,43,43,1,0,0,1,0,0,1,0,0,0,0,0,178,0
179,179,1,1,2,1,1,43,43,1,0,0,1,0,0,1,0,0,0,0,0,179,0
180,180,1,1,1,1,1,43,43,1,0,0,1,0,0,1,0,0,0,0,0,180,0
181,181,1,1,2,1,1,43,43,1,0,0,1,0,0,0,1,0,0,0,0,181,0
182,182,1,2,3,86,1,43,43,1,0,0,1,0,0,1,0,0,0,0,0,182,0
183,183,1,1,2,3,1,43,43,1,0,0,1,0,0,1,0,0,0,0,0,183,0
184,184,2,3,6,683,4,42,43,1,0,0,1,0,0,2,0,0,0,0,0,184,0
185,185,1,1,2,1,1,43,43,1,0,0,1,0,0,1,0,0,0,0,0,185,0
186,186,12,14,28,2520,14,21,47,1,0,0,1,0,7,5,0,0,0,0,0,186,1
187,187,2,2,4,2,2,43,43,1,0,0,1,0,0,2,0,0,2,0,0,187,0
188,188,4,4,8,6,4,7,43,1,0,0,1,0,3,1,0,0,0,0,0,188,1
189,189,1,1,1,1,1,43,43,1,0,0,1,0,0,0,0,1,0,0,0,189,0
190,190,2,4,8,3142,4,43,43,1,0,0,1,0,0,1,1,0,2,0,0,190,0
191,191,1,1,2,2,1,43,43,1,0,0,1,0,1,0,0,0,1,0,0,191,0
192,192,1,1,2,1,2,43,43,1,0,0,1,0,1,0,0,0,0,0,0,192,0
193,193,5,13,26,1820,13,2,12,1,0,0,1,0,0,0,5,0,0,0,0,193,0
194,194,1,1,2,1,1,2,2,1,0,0,1,0,0,1,0,0,0,0,0,194,1
195,195,1,1,2,2,1,2,2,1,0,0,1,0,0,1,0,0,0,0,0,195,0
196,196,1,1,2,1,1,2,2,1,0,0,1,0,0,0,1,0,0,0,0,196,0
197,197,3,9,18,51,9,2,2,1,0,0,1,0,0,3,0,0,0,0,0,197,1
198,198,1,1,2,3,1,2,2,1,0,0,1,0,0,0,1,0,1,0,0,198,0
199,199,1,4,8,314,7,2,2,1,0,0,1,0,0,1,0,0,0,0,0,199,0
200,200,1,1,1,1,1,2,2,1,0,0,1,0,1,0,0,0,0,0,0,200,1
201,201,1,1,2,1,1,2,2,0,1,0,0,0,0,0,0,1,0,0,1,201,0
202,202,1,1,2,1,1,2,2,1,0,0,1,0,0,1,0,0,0,0,0,202,0
203,203,1,1,2,3,1,2,2,0,1,0,0,0,0,0,1,0,0,0,0,203,0
204,204,1,1,2,1,1,2,2,1,0,0,1,0,0,0,0,1,0,0,0,204,0
205,205,1,1,2,1,1,2,2,1,0,0,1,0,0,0,1,0,0,0,0,205,0
206,206,1,1,2,1,1,2,2,1,0,0,1,0,0,1,0,0,0,1,0,206,1
207,207,3,9,21,408,14,2,2,1,0,0,1,0,3,0,0,0,0,0,0,207,0
208,208,1,1,2,1,1,2,2,1,0,0,1,0,0,1,0,0,0,0,0,208,0
209,209,2,4,8,44,4,2,2,1,0,0,1,0,2,0,0,0,0,0,0,209,1
210,210,1,1,2,1,1,2,2,1,0,0,1,0,0,0,1,0,0,0,0,210,0
211,211,1,1,1,1,1,2,2,1,0,0,1,0,1,0,0,0,0,0,0,211,0
212,212,1,1,2,4,1,2,2,1,0,0,1,0,0,0,0,1,0,0,0,212,0
213,213,2,10,16,838,9,2,2,1,0,0,1,0,0,2,0,0,0,0,0,213,1
214,214,1,1,2,1,1,2,2,1,0,0,1,0,0,1,0,0,0,0,0,214,0
215,215,1,1,2,2,1,2,2,1,0,0,1,0,0,0,1,0,0,0,0,215,0
216,216,1,1,2,3,1,2,2,1,0,0,1,0,1,0,0,0,0,0,0,216,0
217,217,1,1,2,1,1,2,2,1,0,0,1,0,0,0,0,1,0,0,0,217,0
218,218,2,4,8,46,4,2,2,1,0,0,1,0,0,2,0,0,0,0,0,218,1
219,219,1,1,2,3,1,2,2,1,0,0,1,0,0,1,0,0,0,0,0,219,1
220,220,1,1,2,1,1,2,2,1,0,0,1,0,1,0,0,0,0,0,0,220,0
221,221,2,2,4,4,2,2,2,1,0,0,1,0,0,2,0,0,0,0,0,221,1
222,222,1,1,2,1,1,36,36,1,0,0,1,0,0,0,1,0,0,0,0,222,0
223,223,1,3,6,324,1,36,36,1,0,0,1,0,0,1,0,0,0,0,0,223,0
224,224,1,1,2,6,1,36,36,1,0,0,0,1,0,1,0,0,0,0,0,224,0
225,225,1,1,2,5,1,36,36,1,0,0,1,0,0,1,0,0,1,0,0,225,0
226,226,1,1,2,1,1,36,36,1,0,0,0,1,1,0,0,0,0,0,0,226,0
227,227,1,1,2,1,1,36,36,1,0,0,1,0,0,0,1,0,0,0,0,227,0
228,228,5,5,10,86,5,16,42,1,0,0,1,0,4,1,0,0,0,0,0,228,0
229,229,1,1,2,2,1,36,36,1,0,0,1,0,1,0,0,0,0,0,0,229,0
230,230,1,1,2,1,1,36,36,1,0,0,1,0,0,1,0,0,1,0,0,230,0
231,231,2,3,5,85,2,36,42,1,0,0,1,0,1,1,0,0,0,0,0,231,0
232,232,1,1,2,2,1,36,36,1,0,0,1,0,1,0,0,0,0,0,0,232,0
233,233,1,1,2,6,1,36,36,1,0,0,1,0,0,1,0,0,0,0,0,233,0
234,234,1,1,2,1,1,36,36,1,0,0,1,0,0,1,0,0,0,0,0,234,0
235,235,1,1,2,3,1,36,36,0,1,0,0,0,0,0,1,0,0,0,0,235,0
236,236,1,1,2,1,1,36,36,1,0,0,1,0,0,1,0,0,0,0,0,236,0
237,237,1,1,2,1,1,36,36,1,0,0,1,0,0,1,0,0,0,0,0,237,0
238,238,1,1,2,1,1,36,36,1,0,0,1,0,0,1,0,0,0,0,0,238,0
239,239,1,2,3,135,1,36,36,1,0,0,1,0,0,1,0,0,0,0,0,239,0
240,240,3,3,9,2,3,36,37,1,0,0,1,0,0,1,2,0,2,0,0,240,0
241,241,1,1,2,1,1,36,36,1,0,0,1,0,0,0,1,0,0,0,0,241,0
242,242,1,1,2,1,1,36,36,0,1,0,1,0,0,1,0,0,0,0,0,242,0
243,243,1,1,2,2,1,36,36,1,0,0,1,0,0,1,0,0,0,0,0,243,0
244,244,1,1,2,1,1,36,36,1,0,0,1,0,0,0,1,0,0,0,0,244,0
245,245,1,1,2,1,1,36,36,1,0,0,1,0,0,1,0,0,0,0,0,245,0
246,246,1,2,4,76,3,36,36,1,0,0,1,0,0,0,1,0,0,0,0,246,0
247,247,1,1,2,2,1,36,36,1,0,0,1,0,0,0,1,0,0,0,0,247,0
248,248,1,1,2,3,1,36,36,1,0,0,1,0,0,0,1,0,0,0,0,248,0
249,249,1,1,2,1,1,36,36,1,0,0,1,0,0,0,0,1,0,0,0,249,0
250,250,1,1,2,1,1,36,36,1,0,0,1,0,0,1,0,0,0,1,0,250,0
251,251,1,1,2,2,1,36,36,1,0,0,1,0,0,0,1,0,0,0,0,251,0
252,252,1,1,2,1,1,36,36,1,0,0,1,0,0,1,0,0,0,0,0,252,0
253,253,1,1,2,3,1,36,36,1,0,0,1,0,0,1,0,0,0,0,0,253,0
254,254,3,4,7,32,3,1,36,1,0,0,1,0,0,3,0,0,0,0,0,254,1
255,255,1,1,2,2,1,36,36,1,0,0,1,0,1,0,0,0,0,0,0,255,0
256,256,1,1,2,2,1,36,36,1,0,0,1,0,0,1,0,0,0,0,0,256,0
257,257,2,2,6,4,4,36,36,1,0,0,1,0,0,2,0,0,0,0,0,257,0
258,258,1,1,2,1,1,36,36,1,0,0,1,0,0,1,0,0,1,0,0,258,0
259,259,1,1,2,3,1,36,36,1,0,0,1,0,1,0,0,0,0,0,0,259,0
260,260,1,1,2,1,1,36,36,1,0,0,1,0,0,1,0,0,0,0,0,260,0
261,261,2,2,4,2,2,35,36,1,0,0,0,1,0,1,1,0,0,0,0,261,0
262,262,1,2,4,396,3,36,36,1,0,0,1,0,0,1,0,0,0,0,0,262,0
263,263,1,1,2,3,1,36,36,1,0,0,1,0,0,0,1,0,0,0,0,263,0
264,264,1,1,2,1,1,36,36,1,0,0,1,0,0,1,0,0,0,0,0,264,0
265,265,1,1,2,1,1,36,36,1,0,0,1,0,0,1,0,0,0,0,0,265,0
266,266,3,9,18,5460,9,36,36,1,0,0,0,0,0,3,0,0,0,0,0,266,0
267,267,2,4,8,58,4,36,36,1,0,0,1,0,0,2,0,0,0,0,0,267,0
268,268,1,1,2,1,1,36,36,1,0,0,1,0,0,1,0,0,0,0,0,268,0
269,269,1,1,2,2,1,36,36,1,0,0,1,0,0,1,0,0,0,0,0,269,0
270,270,1,1,2,1,1,22,22,1,0,0,1,0,0,1,0,0,0,0,0,270,0
271,271,1,1,2,1,1,22,22,1,0,0,1,0,0,1,0,0,0,0,0,271,1
272,272,1,1,2,1,1,22,22,1,0,0,1,0,0,1,0,0,0,0,0,272,0
273,273,1,1,2,19,1,22,22,1,0,0,1,0,0,0,1,0,0,0,0,273,0
274,274,1,1,2,2,1,22,22,1,0,0,1,0,0,0,1,0,0,0,0,274,0
275,275,1,1,2,2,1,22,22,1,0,0,1,0,1,0,0,0,0,0,0,275,1
276,276,3,5,10,305,5,22,22,1,0,0,1,0,0,3,0,0,0,0,0,276,0
277,277,1,1,2,1,1,22,22,1,0,0,1,0,1,0,0,0,0,0,0,277,0
278,278,2,2,4,2,2,22,29,1,0,0,1,0,0,2,0,0,0,0,0,278,0
279,279,1,1,2,1,1,22,22,1,0,0,1,0,0,0,1,0,0,0,0,279,0
280,280,1,1,2,2,1,22,22,1,0,0,1,0,0,1,0,0,0,0,0,280,0
281,281,1,1,2,1,1,22,22,1,0,0,1,0,0,1,0,0,0,0,0,281,0
282,282,2,2,4,2,2,5,22,1,0,0,1,0,0,1,0,1,0,0,0,282,0
283,283,1,1,2,2,1,22,22,1,0,0,1,0,0,1,0,0,0,0,0,283,0
284,284,1,1,2,2,1,22,22,1,0,0,1,0,0,1,0,0,0,0,0,284,0
285,285,1,1,1,1,1,22,22,1,0,0,1,0,0,1,0,0,0,0,0,285,0
286,286,3,3,6,14,3,22,23,1,0,0,1,0,0,0,3,0,0,0,0,286,0
287,287,1,1,2,1,1,22,22,1,0,0,1,0,0,1,0,0,0,0,0,287,0
288,288,1,1,2,6,1,22,22,1,0,0,1,0,0,1,0,0,0,0,0,288,0
289,289,1,1,2,5,1,22,22,1,0,0,1,0,0,0,1,0,0,0,0,289,0
290,290,1,1,2,2,1,22,22,1,0,0,1,0,0,0,1,0,0,0,0,290,1
291,291,1,1,1,1,1,22,22,1,0,0,1,0,0,1,0,0,0,0,0,291,0
292,292,1,2,4,955,3,22,22,1,0,0,1,0,0,0,1,0,0,0,0,292,1
293,293,2,4,8,134,4,22,22,1,0,0,1,0,0,2,0,0,2,0,0,293,0
294,294,1,2,4,35,3,22,22,1,0,0,1,0,0,0,1,0,0,0,0,294,1
295,295,1,1,2,1,1,22,22,1,0,0,1,0,0,1,0,0,0,0,0,295,0
296,296,1,1,2,1,1,22,22,1,0,0,1,0,0,1,0,0,0,0,0,296,0
297,297,1,1,2,1,1,22,22,1,0,0,1,0,1,0,0,0,0,0,0,297,0
298,298,1,1,2,4,1,22,22,1,0,0,1,0,0,0,1,0,0,0,0,298,0
299,299,1,1,2,1,1,22,22,1,0,0,1,0,0,1,0,0,0,0,0,299,0
300,300,1,1,2,3,1,22,22,1,0,0,1,0,1,0,0,0,0,0,0,300,0
301,301,1,1,1,1,1,22,22,1,0,0,1,0,0,1,0,0,0,0,0,301,0
302,302,1,1,2,6,1,22,22,1,0,0,1,0,0,1,0,0,0,0,0,302,0
303,303,1,1,2,1,1,22,22,1,0,0,1,0,0,0,1,0,0,1,0,303,0
304,304,1,1,2,1,1,22,22,1,0,0,1,0,0,0,1,0,0,0,0,304,1
305,305,1,1,2,1,1,22,22,1,0,0,1,0,0,1,0,0,0,0,0,305,0
306,306,1,1,2,1,1,29,29,1,0,0,1,0,0,0,1,0,0,0,0,306,0
307,307,1,1,2,1,1,29,29,1,0,0,1,0,0,0,1,0,0,0,0,307,0
308,308,2,2,4,2,2,29,29,1,0,0,1,0,0,0,2,0,0,0,0,308,0
309,309,1,2,3,27,1,29,29,1,0,0,1,0,0,1,0,0,0,0,0,309,0
310,310,1,1,2,2,1,29,29,1,0,0,1,0,0,1,0,0,0,0,0,310,0
311,311,1,1,2,7,1,29,29,1,0,0,1,0,0,1,0,0,0,0,0,311,1
312,312,1,1,2,1,1,29,29,1,0,0,1,0,0,0,1,0,0,0,0,312,0
313,313,1,1,2,3,1,29,29,1,0,0,1,0,1,0,0,0,0,0,0,313,0
314,314,2,2,4,2,2,29,29,1,0,0,1,0,0,2,0,0,0,0,0,314,0
315,315,1,1,2,18,1,29,29,1,0,0,1,0,1,0,0,0,0,0,0,315,0
316,316,1,1,2,3,1,29,29,1,0,0,1,0,0,0,1,0,0,0,0,316,0
317,317,1,1,1,1,1,29,29,1,0,0,1,0,0,1,0,0,0,0,0,317,0
318,318,1,1,2,13,1,29,29,1,0,0,1,0,0,0,1,0,0,0,0,318,0
319,319,2,4,8,4,4,29,29,1,0,0,1,0,0,2,0,0,0,0,0,319,1
320,320,1,1,3,2,1,29,29,1,0,0,1,0,0,0,0,1,0,0,0,320,0
321,321,1,1,2,1,1,29,29,1,0,0,1,0,0,1,0,0,0,0,0,321,0
322,322,1,1,2,1,1,29,29,1,0,0,1,0,1,0,0,0,0,0,0,322,0
323,323,1,1,2,4,1,29,29,1,0,0,1,0,0,1,0,0,0,0,0,323,0
324,324,2,6,12,1560,8,29,29,1,0,0,1,0,0,0,2,0,0,0,0,324,0
325,325,1,1,2,41,1,29,29,1,0,0,1,0,0,1,0,0,0,0,0,325,0
326,326,1,1,2,1,1,13,13,1,0,0,1,0,1,0,0,0,0,0,0,326,0
327,327,1,1,2,1,1,13,13,1,0,0,1,0,0,0,0,1,0,0,0,327,0
328,328,1,1,2,1,1,13,13,1,0,0,1,0,0,1,0,0,0,0,0,328,0
329,329,1,1,2,1,1,13,13,1,0,0,1,0,0,1,0,0,0,0,0,329,0
330,330,1,1,2,5,1,13,13,1,0,0,1,0,1,0,0,0,0,0,0,330,0
331,331,1,1,2,1,1,13,13,1,0,0,1,0,1,0,0,0,0,0,0,331,0
332,332,2,4,8,20,4,13,13,1,0,0,1,0,0,2,0,0,0,0,0,332,0
333,333,1,1,2,1,1,13,13,1,0,0,1,0,0,1,0,0,0,0,0,333,0
334,334,1,1,2,1,1,13,13,1,0,0,1,0,0,1,0,0,1,0,0,334,0
335,335,1,1,3,6,3,13,13,1,0,0,1,0,1,0,0,0,0,0,0,335,0
336,336,2,2,4,1,2,13,28,1,0,0,1,0,1,1,0,0,0,0,0,336,0
337,337,1,1,2,7,1,13,13,1,0,0,1,0,0,1,0,0,0,0,0,337,0
338,338,1,1,2,1,1,13,13,1,0,0,1,0,1,0,0,0,0,0,0,338,1
339,339,1,1,2,1,1,13,13,1,0,0,1,0,1,0,0,0,0,0,0,339,0
340,340,1,1,2,7,1,13,13,1,0,0,1,0,0,1,0,0,0,0,0,340,0
341,341,1,1,2,1,1,13,13,1,0,0,1,0,0,1,0,0,0,0,0,341,0
342,342,1,1,2,1,1,13,13,1,0,0,1,0,0,0,1,0,0,0,0,342,0
343,343,3,3,6,4,3,13,40,1,0,0,1,0,1,2,0,0,0,0,0,343,1
344,344,1,1,2,2,1,13,13,1,0,0,1,0,0,0,1,0,0,0,0,344,0
345,345,2,2,4,2,2,13,13,1,0,0,1,0,0,2,0,0,0,0,0,345,0
346,346,2,1,3,1,2,12,13,1,0,0,1,0,1,0,1,0,0,0,0,346,1
347,347,1,1,2,1,1,13,13,1,0,0,1,0,0,0,1,0,0,0,0,347,0
348,348,2,4,8,294,4,13,13,1,0,0,1,0,0,2,0,0,0,0,0,348,1
349,349,1,1,2,1,1,13,13,1,0,0,1,0,0,0,0,1,0,0,0,349,0
350,350,1,1,2,1,1,13,13,1,0,0,1,0,0,1,0,0,0,0,0,350,0
351,351,1,1,2,11,1,13,13,1,0,0,1,0,0,0,1,0,0,0,0,351,0
352,352,1,1,2,6,1,13,13,1,0,0,1,0,0,0,0,1,0,0,0,352,0
353,353,1,2,4,209,3,13,13,1,0,0,0,1,1,0,0,0,1,0,0,353,0
354,354,1,1,2,2,1,13,13,1,0,0,1,0,0,0,1,0,0,0,0,354,0
355,355,1,1,2,1,1,13,13,1,0,0,1,0,0,1,0,0,0,0,0,355,0
356,356,1,1,2,1,1,13,13,1,0,0,1,0,0,1,0,0,0,0,0,356,0
357,357,1,1,2,1,1,13,13,1,0,0,1,0,0,1,0,0,0,0,0,357,0
358,358,1,1,2,2,1,13,13,1,0,0,1,0,0,1,0,0,0,0,0,358,0
359,359,1,1,2,1,1,13,13,1,0,0,1,0,0,1,0,0,0,0,0,359,0
360,360,5,6,12,96,7,6,33,1,0,0,1,0,0,5,0,0,0,0,0,360,1
361,361,1,1,2,1,1,13,13,1,0,0,1,0,0,0,1,0,0,0,0,361,0
362,362,1,1,2,1,1,13,13,1,0,0,1,0,0,0,1,0,0,0,0,362,0
363,363,2,2,4,2,2,47,47,1,0,0,1,0,1,1,0,0,0,0,0,363,0
364,364,1,1,2,1,1,47,47,1,0,0,1,0,0,1,0,0,0,0,0,364,0
365,365,1,1,2,1,1,47,47,1,0,0,1,0,0,1,0,0,0,0,0,365,0
366,366,1,1,2,13,1,47,47,1,0,0,1,0,0,0,0,1,0,0,0,366,0
367,367,3,3,6,49,3,19,47,1,0,0,1,0,3,0,0,0,0,0,0,367,1
368,368,1,1,2,1,1,47,47,1,0,0,1,0,0,1,0,0,0,0,0,368,0
369,369,1,1,2,1,1,47,47,1,0,0,1,0,0,1,0,0,0,0,0,369,0
370,370,1,1,2,8,1,47,47,1,0,0,1,0,0,0,0,1,0,0,0,370,0
371,371,1,1,2,1,1,47,47,1,0,0,1,0,0,0,1,0,0,0,0,371,0
372,372,1,1,2,1,1,47,47,1,0,0,1,0,0,1,0,0,0,0,0,372,0
373,373,2,6,12,1562,8,47,47,0,0,1,1,0,0,2,0,0,2,0,0,373,0
374,374,1,1,2,1,1,47,47,1,0,0,1,0,0,0,0,1,0,0,0,374,0
375,375,4,6,12,200,6,47,47,1,0,0,1,0,0,4,0,0,0,3,0,375,0
376,376,1,1,2,1,1,47,47,1,0,0,1,0,1,0,0,0,0,0,0,376,0
377,377,2,4,8,426,4,47,47,1,0,0,1,0,0,2,0,0,0,0,0,377,0
378,378,1,1,2,1,1,47,47,1,0,0,0,1,0,1,0,0,0,0,0,378,0
379,379,1,1,1,1,1,47,47,1,0,0,1,0,0,1,0,0,0,0,0,379,0
380,380,2,2,8,2,5,47,47,1,0,0,1,0,0,2,0,0,0,0,0,380,0
381,381,1,1,2,2,1,47,47,1,0,0,1,0,0,1,0,0,0,0,0,381,0
382,382,1,1,2,2,1,47,47,1,0,0,1,0,0,0,1,0,0,0,0,382,0
383,383,1,1,3,1,3,47,47,0,0,1,1,0,0,0,0,1,0,0,0,383,0
384,384,1,1,2,1,1,47,47,1,0,0,1,0,0,1,0,0,0,0,0,384,0
385,385,1,1,2,1,1,47,47,1,0,0,1,0,0,1,0,0,0,0,0,385,0
386,386,1,1,2,1,1,47,47,1,0,0,1,0,0,1,0,0,0,0,0,386,0
387,387,1,1,2,1,1,47,47,1,0,0,1,0,1,0,0,0,0,0,0,387,0
388,388,1,1,2,2,1,47,47,1,0,0,0,1,0,1,0,0,0,0,0,388,0
389,389,1,1,2,2,1,47,47,1,0,0,1,0,0,1,0,0,0,0,0,389,0
390,390,1,1,2,1,1,47,47,1,0,0,1,0,0,1,0,0,0,0,0,390,0
391,391,1,1,2,1,1,47,47,1,0,0,1,0,0,1,0,0,0,0,0,391,0
392,392,1,3,4,136,1,47,47,1,0,0,1,0,0,0,1,0,0,0,0,392,0
393,393,1,1,2,1,1,47,47,1,0,0,1,0,0,1,0,0,0,0,0,393,0
394,394,1,1,2,1,1,47,47,1,0,0,1,0,0,1,0,0,0,0,0,394,0
395,395,1,1,2,8,1,47,47,1,0,0,1,0,0,1,0,0,0,0,0,395,0
396,396,2,4,8,104,4,47,47,1,0,0,1,0,0,0,2,0,1,0,0,396,0
397,397,1,1,2,1,1,47,47,1,0,0,1,0,0,0,1,0,1,0,0,397,0
398,398,1,2,4,131,1,40,40,1,0,0,1,0,0,0,1,0,0,0,0,398,0
399,399,1,1,2,1,1,40,40,1,0,0,1,0,1,0,0,0,0,1,0,399,0
400,400,1,1,2,1,1,40,40,1,0,0,1,0,0,0,1,0,0,0,0,400,0
401,401,1,1,2,1,1,40,40,1,0,0,1,0,0,1,0,0,0,0,0,401,0
402,402,1,1,2,1,1,40,40,1,0,0,1,0,0,1,0,0,0,0,0,402,0
403,403,1,1,2,2,1,40,40,1,0,0,1,0,0,1,0,0,0,0,0,403,0
404,404,1,1,2,1,1,40,40,1,0,0,1,0,0,0,1,0,0,0,0,404,0
405,405,1,1,2,1,1,40,40,1,0,0,1,0,0,1,0,0,0,0,0,405,0
406,406,1,1,2,1,1,40,40,1,0,0,1,0,0,0,1,0,0,0,0,406,0
407,407,1,1,2,1,1,40,40,1,0,0,1,0,0,1,0,0,0,0,0,407,0
408,408,1,1,2,20,1,40,40,1,0,0,1,0,0,1,0,0,0,0,0,408,0
409,409,1,1,2,2,1,40,40,1,0,0,1,0,0,1,0,0,0,0,0,409,0
410,410,1,1,1,1,1,40,40,1,0,0,1,0,0,1,0,0,0,0,0,410,0
411,411,2,6,18,76,11,40,40,1,0,0,1,0,2,0,0,0,0,0,0,411,0
412,412,1,1,2,2,1,40,40,1,0,0,1,0,0,1,0,0,0,0,0,412,0
413,413,1,1,2,1,1,40,40,1,0,0,1,0,0,0,1,0,0,0,0,413,0
414,414,1,1,3,16,1,40,40,1,0,0,1,0,0,1,0,0,0,0,0,414,0
415,415,2,2,4,2,2,40,42,1,0,0,1,0,0,0,2,0,0,0,0,415,0
416,416,1,1,2,1,1,40,40,1,0,0,1,0,0,1,0,0,0,0,0,416,0
417,417,2,4,8,1598,4,40,40,1,0,0,1,0,0,2,0,0,0,0,0,417,0
418,418,1,1,2,1,1,40,40,1,0,0,1,0,0,0,1,0,0,0,0,418,0
419,419,1,1,2,4,1,40,40,1,0,0,1,0,0,1,0,0,0,1,0,419,0
420,420,1,1,2,1,1,40,40,1,0,0,1,0,0,0,1,0,0,0,0,420,0
421,421,1,1,2,34,1,40,40,1,0,0,1,0,0,1,0,0,0,0,0,421,0
422,422,1,1,2,1,1,40,40,1,0,0,1,0,0,1,0,0,0,0,0,422,0
423,423,1,5,10,2,5,40,40,1,0,0,0,1,0,1,0,0,0,0,0,423,0
424,424,10,18,42,345,23,33,41,1,0,0,1,0,6,4,0,0,0,0,0,424,0
425,425,1,1,2,1,1,40,40,1,0,0,1,0,1,0,0,0,1,0,0,425,0
426,426,1,2,4,27,1,40,40,1,0,0,1,0,0,1,0,0,0,0,0,426,0
427,427,1,1,1,1,1,40,40,1,0,0,1,0,0,1,0,0,0,0,0,427,0
428,428,1,1,2,2,1,40,40,1,0,0,1,0,1,0,0,0,0,0,0,428,0
429,429,1,1,2,1,1,40,40,1,0,0,1,0,0,0,1,0,0,0,0,429,0
430,430,1,1,2,1,1,40,40,1,0,0,1,0,0,1,0,0,0,0,0,430,0
431,431,1,1,2,1,1,40,40,1,0,0,1,0,0,1,0,0,0,0,0,431,0
432,432,2,2,4,1,2,27,33,1,0,0,1,0,1,1,0,0,0,0,0,432,0
433,433,1,1,2,1,1,33,33,1,0,0,1,0,1,0,0,0,0,0,0,433,0
434,434,1,2,4,67,1,33,33,1,0,0,1,0,0,1,0,0,0,0,1,434,0
435,435,2,2,4,3,2,33,33,1,0,0,1,0,1,1,0,0,0,0,0,435,0
436,436,1,1,2,1,1,33,33,1,0,0,1,0,0,1,0,0,0,0,0,436,0
437,437,1,1,2,1,1,33,33,1,0,0,1,0,0,1,0,0,0,0,0,437,0
438,438,1,1,2,1,1,33,33,1,0,0,1,0,0,0,1,0,0,0,0,438,0
439,439,1,2,4,193,3,33,33,1,0,0,1,0,0,1,0,0,0,0,0,439,0
440,440,1,1,2,2,1,33,33,1,0,0,1,0,0,1,0,0,0,0,0,440,0
441,441,1,1,2,1,1,33,33,1,0,0,1,0,0,1,0,0,0,0,0,441,0
442,442,1,1,2,3,1,33,33,0,0,1,1,0,0,0,1,0,0,0,0,442,0
443,443,1,2,4,14,3,33,33,1,0,0,1,0,0,0,1,0,0,0,0,443,0
444,444,1,1,2,2,1,33,33,1,0,0,1,0,0,1,0,0,0,0,0,444,0
445,445,2,2,4,1,2,33,33,1,0,0,1,0,2,0,0,0,0,0,0,445,0
446,446,1,1,2,1,1,33,33,1,0,0,1,0,0,1,0,0,0,0,0,446,0
447,447,1,1,2,4,1,33,33,1,0,0,1,0,0,0,1,0,0,0,0,447,0
448,448,1,2,4,20,3,33,33,1,0,0,1,0,1,0,0,0,0,0,0,448,0
449,449,1,1,2,1,1,33,33,1,0,0,1,0,0,1,0,0,0,0,0,449,0
450,450,1,1,2,1,1,33,33,1,0,0,1,0,0,1,0,0,0,0,0,450,0
451,451,1,1,2,1,1,33,33,1,0,0,0,1,0,1,0,0,0,0,0,451,0
452,452,1,1,2,1,1,33,33,1,0,0,1,0,1,0,0,0,0,0,0,452,0
453,453,2,4,8,30,4,33,33,1,0,0,1,0,0,2,0,0,0,0,0,453,0
454,454,1,1,1,1,1,33,33,1,0,0,1,0,0,0,1,0,0,0,0,454,0
455,455,5,11,24,5931,14,33,34,1,0,0,1,0,0,1,4,0,0,0,0,455,0
456,456,1,1,2,2,1,33,33,1,0,0,0,1,0,1,0,0,0,0,0,456,0
457,457,5,35,65,880,38,33,33,1,0,0,1,0,5,0,0,0,0,0,0,457,0
458,458,1,1,2,1,1,33,33,1,0,0,1,0,1,0,0,0,1,0,0,458,0
459,459,1,1,2,2,1,33,33,1,0,0,1,0,0,1,0,0,0,0,0,459,0
460,460,1,1,2,1,1,33,33,1,0,0,1,0,0,1,0,0,0,0,0,460,0
461,461,1,1,2,1,1,33,33,1,0,0,1,0,0,0,0,1,0,0,0,461,0
462,462,1,1,2,1,1,33,33,1,0,0,1,0,0,0,1,0,0,0,0,462,0
463,463,1,2,4,502,1,33,33,1,0,0,1,0,0,0,0,1,0,0,0,463,0
464,464,1,1,2,1,1,33,33,1,0,0,1,0,0,0,1,0,0,0,0,464,0
465,465,1,1,2,1,1,33,33,1,0,0,0,0,1,0,0,0,0,0,0,465,0
466,466,1,1,1,1,1,26,26,0,1,0,1,0,0,0,1,0,0,0,0,466,0
467,467,1,1,2,1,1,26,26,1,0,0,1,0,0,1,0,0,0,0,0,467,0
468,468,1,2,4,43,3,26,26,1,0,0,1,0,0,1,0,0,0,1,0,468,0
469,469,3,5,10,62,5,26,26,1,0,0,1,0,0,0,0,3,0,1,0,469,0
470,470,2,2,4,5,2,23,26,1,0,0,1,0,1,0,1,0,0,0,0,470,1
471,471,1,1,2,3,1,26,26,1,0,0,1,0,0,1,0,0,1,0,0,471,0
472,472,1,1,2,1,1,26,26,1,0,0,0,1,0,1,0,0,0,0,0,472,0
473,473,1,1,2,1,1,26,26,1,0,0,0,1,0,0,0,1,0,0,0,473,0
474,474,1,1,2,1,1,26,26,1,0,0,1,0,0,1,0,0,0,0,0,474,0
475,475,1,1,2,1,1,26,26,1,0,0,1,0,1,0,0,0,0,0,0,475,0
476,476,1,1,2,5,1,26,26,1,0,0,1,0,0,1,0,0,0,0,0,476,1
477,477,1,1,2,1,1,26,26,1,0,0,1,0,0,1,0,0,0,0,0,477,0
478,478,1,1,2,2,1,26,26,1,0,0,1,0,0,0,0,1,0,0,0,478,0
479,479,1,1,2,1,1,26,26,1,0,0,1,0,0,0,1,0,1,0,0,479,0
480,480,1,2,5,503,1,26,26,1,0,0,1,0,0,1,0,0,0,0,0,480,0
481,481,1,1,2,1,1,26,26,1,0,0,1,0,0,0,1,0,0,1,0,481,1
482,482,1,1,2,1,1,26,26,1,0,0,1,0,1,0,0,0,0,0,0,482,0
483,483,1,1,2,1,1,26,26,1,0,0,1,0,0,1,0,0,0,0,0,483,1
484,484,1,1,2,1,1,26,26,1,0,0,1,0,0,0,1,0,0,0,0,484,0
485,485,1,1,2,2,1,26,26,0,0,1,1,0,0,0,0,1,0,0,0,485,0
486,486,1,2,3,97,1,6,6,1,0,0,1,0,0,1,0,0,0,0,0,486,1
487,487,1,1,2,2,1,6,6,1,0,0,1,0,1,0,0,0,0,0,0,487,0
488,488,1,1,2,1,1,6,6,1,0,0,0,1,0,1,0,0,0,0,0,488,0
489,489,1,1,2,1,1,6,6,1,0,0,1,0,0,1,0,0,0,0,0,489,0
490,490,1,1,2,1,1,6,6,1,0,0,1,0,0,1,0,0,0,0,0,490,1
491,491,1,1,2,1,1,6,6,1,0,0,1,0,0,0,1,0,0,0,0,491,0
492,492,1,1,2,8,1,6,6,1,0,0,0,1,0,1,0,0,0,0,0,492,1
493,493,2,2,4,2,2,6,6,1,0,0,1,0,0,0,2,0,0,0,0,493,0
494,494,1,1,2,1,1,6,6,1,0,0,1,0,0,1,0,0,0,0,0,494,0
495,495,1,1,2,7,1,6,6,1,0,0,1,0,0,0,1,0,0,0,0,495,1
496,496,1,1,2,1,1,6,6,1,0,0,1,0,0,0,1,0,0,0,0,496,0
497,497,1,1,2,1,1,6,6,1,0,0,0,1,0,1,0,0,0,0,0,497,0
498,498,2,2,4,2,2,6,6,1,0,0,1,0,0,0,2,0,0,0,0,498,0
499,499,1,1,2,1,1,6,6,1,0,0,1,0,0,0,1,0,0,0,0,499,0
500,500,5,25,55,100,32,6,6,1,0,0,1,0,0,0,5,0,0,0,0,500,1
501,501,2,3,6,109,2,6,6,1,0,0,1,0,1,1,0,0,0,0,0,501,0
502,502,1,1,2,1,1,6,6,1,0,0,1,0,0,0,1,0,0,0,0,502,1
503,503,2,2,4,18,2,6,6,1,0,0,1,0,1,0,1,0,0,0,0,503,1
504,504,1,1,2,1,1,6,6,1,0,0,1,0,0,1,0,0,1,0,0,504,1
505,505,1,1,2,1,1,6,6,1,0,0,1,0,0,1,0,0,0,0,0,505,0
506,506,1,1,2,9,1,6,6,1,0,0,1,0,0,1,0,0,0,0,0,506,0
507,507,1,1,2,9,1,6,6,1,0,0,1,0,0,0,0,1,0,0,0,507,0
508,508,2,2,4,2,2,6,7,1,0,0,1,0,0,1,1,0,0,0,0,508,1
509,509,2,2,4,4,2,6,6,1,0,0,1,0,0,0,2,0,0,0,0,509,0
510,510,1,1,2,1,1,6,6,1,0,0,1,0,0,1,0,0,0,0,0,510,1
511,511,1,1,2,1,1,6,6,1,0,0,1,0,0,1,0,0,0,0,0,511,0
512,512,1,2,3,16,1,6,6,1,0,0,1,0,0,0,1,0,0,0,0,512,1
513,513,1,1,2,1,1,6,6,1,0,0,1,0,0,1,0,0,0,0,1,513,0
514,514,1,1,2,2,1,6,6,1,0,0,1,0,0,1,0,0,0,0,0,514,0
515,515,2,2,4,7,2,5,6,1,0,0,1,0,0,0,0,2,0,0,0,515,0
516,516,1,1,2,8,1,6,6,1,0,0,1,0,1,0,0,0,0,0,0,516,0
517,517,1,1,2,2,1,6,6,1,0,0,1,0,0,1,0,0,0,0,0,517,0
518,518,2,2,4,2,2,5,6,1,0,0,1,0,0,1,1,0,0,0,0,518,0
519,519,1,2,4,109,3,6,6,1,0,0,1,0,0,1,0,0,0,0,0,519,0
520,520,1,1,2,1,1,6,6,1,0,0,1,0,0,0,1,0,0,0,0,520,1
521,521,1,1,2,1,1,6,6,1,0,0,1,0,0,0,1,0,0,0,0,521,0
522,522,1,1,2,17,1,6,6,1,0,0,1,0,0,1,0,0,0,0,0,522,1
523,523,1,1,2,1,1,6,6,1,0,0,1,0,0,1,0,0,0,0,0,523,0
524,524,1,1,2,1,1,6,6,1,0,0,1,0,0,1,0,0,0,0,0,524,0
525,525,1,1,2,1,1,6,6,1,0,0,1,0,1,0,0,0,0,0,0,525,0
526,526,3,3,6,3,3,5,6,1,0,0,1,0,0,3,0,0,0,0,0,526,1
527,527,1,1,2,3,1,19,19,1,0,0,1,0,0,1,0,0,0,0,0,527,1
528,528,1,1,2,4,1,19,19,1,0,0,1,0,0,1,0,0,0,0,0,528,0
529,529,1,1,2,1,1,19,19,1,0,0,1,0,1,0,0,0,0,0,0,529,0
530,530,1,2,4,135,1,19,19,1,0,0,1,0,0,1,0,0,0,0,0,530,0
531,531,1,1,3,3,1,19,19,1,0,0,1,0,0,0,1,0,0,0,0,531,0
532,532,1,1,2,1,1,19,19,1,0,0,1,0,0,1,0,0,0,0,0,532,0
533,533,1,1,2,2,1,19,19,0,1,0,0,0,1,0,0,0,0,0,0,533,1
534,534,1,2,4,83,1,19,19,1,0,0,1,0,0,0,0,1,0,0,0,534,0
535,535,1,1,2,1,1,19,19,1,0,0,1,0,1,0,0,0,0,0,0,535,0
536,536,1,1,2,1,2,19,19,1,0,0,1,0,0,1,0,0,0,0,0,536,0
537,537,1,1,2,2,1,19,19,1,0,0,1,0,0,1,0,0,0,0,0,537,0
538,538,1,1,2,1,1,19,19,1,0,0,1,0,0,0,1,0,0,0,0,538,0
539,539,1,2,4,82,1,19,19,1,0,0,1,0,1,0,0,0,0,0,0,539,0
540,540,1,1,2,1,1,19,19,1,0,0,1,0,0,0,1,0,0,0,0,540,0
541,541,1,1,2,1,1,19,19,1,0,0,1,0,0,1,0,0,0,0,0,541,0
542,542,1,1,2,1,1,19,19,1,0,0,1,0,0,0,1,0,0,0,0,542,0
543,543,1,1,2,4,1,19,19,1,0,0,1,0,0,1,0,0,0,0,0,543,0
544,544,3,3,6,5,3,19,21,1,0,0,1,0,1,2,0,0,0,1,0,544,0
545,545,1,1,2,2,1,19,19,1,0,0,1,0,0,0,1,0,0,0,0,545,0
546,546,1,1,2,1,1,19,19,1,0,0,1,0,1,0,0,0,0,0,0,546,0
547,547,1,1,2,1,1,19,19,1,0,0,1,0,0,0,1,0,0,0,0,547,0
548,548,1,1,2,1,1,19,19,1,0,0,1,0,0,0,1,0,0,0,0,548,0
549,549,1,1,2,1,1,19,19,1,0,0,1,0,0,0,1,0,0,0,0,549,0
550,550,1,1,2,1,1,19,19,1,0,0,1,0,1,0,0,0,0,0,1,550,0
551,551,1,1,2,1,1,19,19,1,0,0,1,0,1,0,0,0,0,0,0,551,0
552,552,1,1,2,1,1,19,19,1,0,0,1,0,0,1,0,0,0,1,0,552,0
553,553,1,2,4,136,3,19,19,1,0,0,1,0,0,0,1,0,0,0,0,553,0
554,554,1,1,2,1,1,42,42,1,0,0,1,0,0,1,0,0,0,0,0,554,0
555,555,1,1,2,73,1,42,42,1,0,0,1,0,0,0,0,1,0,0,0,555,0
556,556,1,1,2,1,1,42,42,1,0,0,1,0,0,0,1,0,0,0,0,556,0
557,557,1,1,2,1,1,42,42,1,0,0,1,0,0,1,0,0,0,0,0,557,0
558,558,1,1,2,1,1,42,42,1,0,0,1,0,0,1,0,0,1,0,0,558,0
559,559,2,2,6,8,4,42,42,1,0,0,1,0,0,2,0,0,0,0,0,559,0
560,560,1,1,2,2,1,42,42,1,0,0,1,0,0,1,0,0,0,0,0,560,0
561,561,1,1,2,1,1,42,42,1,0,0,1,0,1,0,0,0,1,0,0,561,0
562,562,2,6,14,90,12,42,42,1,0,0,1,0,0,2,0,0,0,0,0,562,0
563,563,1,1,2,1,1,42,42,1,0,0,1,0,0,1,0,0,0,0,0,563,0
564,564,1,1,2,1,1,42,42,1,0,0,1,0,0,0,1,0,0,0,0,564,0
565,565,1,1,1,1,1,42,42,1,0,0,1,0,1,0,0,0,0,0,0,565,1
566,566,2,2,4,2,2,5,42,1,0,0,1,0,0,1,1,0,0,0,0,566,1
567,567,1,1,2,1,1,42,42,1,0,0,1,0,0,1,0,0,0,0,0,567,0
568,568,1,1,2,7,1,42,42,1,0,0,1,0,1,0,0,0,0,0,0,568,0
569,569,1,1,2,2,1,42,42,1,0,0,1,0,0,1,0,0,0,0,0,569,0
570,570,1,1,2,2,1,42,42,1,0,0,1,0,0,0,1,0,0,0,0,570,0
571,571,1,1,2,3,1,42,42,1,0,0,1,0,0,0,1,0,0,0,0,571,0
572,572,1,1,2,1,1,42,42,1,0,0,1,0,0,1,0,0,0,0,0,572,0
573,573,2,3,6,1192,4,41,42,1,0,0,1,0,1,1,0,0,0,0,0,573,0
574,574,2,2,4,1,2,42,42,1,0,0,1,0,1,1,0,0,0,0,0,574,0
575,575,1,1,2,11,1,42,42,1,0,0,1,0,0,0,0,1,0,0,0,575,0
576,576,1,1,2,1,1,42,42,1,0,0,1,0,0,1,0,0,0,0,0,576,0
577,577,1,1,2,1,1,42,42,1,0,0,1,0,0,1,0,0,0,0,0,577,0
578,578,1,1,2,1,1,42,42,1,0,0,1,0,0,1,0,0,0,0,0,578,0
579,579,1,2,4,52,1,42,42,1,0,0,1,0,0,1,0,0,0,1,0,579,0
580,580,2,2,4,2,2,41,42,1,0,0,1,0,0,0,2,0,1,0,0,580,0
581,581,1,1,1,1,1,42,42,1,0,0,1,0,0,1,0,0,0,0,0,581,0
582,582,1,3,6,123,5,42,42,1,0,0,1,0,1,0,0,0,0,0,0,582,0
583,583,1,1,1,1,1,42,42,1,0,0,1,0,0,0,1,0,0,0,0,583,0
584,584,1,1,2,1,1,42,42,1,0,0,1,0,0,0,1,0,0,0,0,584,0
585,585,1,1,2,2,1,42,42,1,0,0,1,0,0,1,0,0,0,0,0,585,0
586,586,1,1,2,1,1,42,42,1,0,0,1,0,0,1,0,0,0,0,0,586,0
587,587,1,1,2,2,1,42,42,1,0,0,1,0,0,1,0,0,0,0,0,587,0
588,588,3,3,6,26,3,42,42,1,0,0,1,0,0,2,1,0,0,0,0,588,0
589,589,1,1,2,2,1,42,42,1,0,0,1,0,0,1,0,0,0,0,0,589,0
590,590,1,1,2,1,1,42,42,1,0,0,1,0,1,0,0,0,0,0,0,590,0
591,591,1,1,2,1,1,42,42,1,0,0,1,0,0,0,1,0,0,0,0,591,0
592,592,2,2,4,4,2,14,14,1,0,0,1,0,0,0,2,0,0,0,0,592,0
593,593,4,12,20,1196,8,14,14,1,0,0,1,0,0,0,0,4,0,0,0,593,0
594,594,2,2,4,1,2,14,14,1,0,0,1,0,0,2,0,0,0,0,0,594,0
595,595,2,2,4,2,2,14,14,1,0,0,1,0,0,2,0,0,0,0,0,595,0
596,596,2,2,4,2,2,14,14,1,0,0,1,0,0,2,0,0,0,0,0,596,1
597,597,2,2,4,2,2,14,14,1,0,0,1,0,0,2,0,0,0,0,0,597,0
598,598,2,2,4,2,2,14,14,1,0,0,1,0,0,2,0,0,0,0,0,598,0
599,599,2,2,4,4,2,14,14,1,0,0,1,0,0,2,0,0,0,0,0,599,0
600,600,2,2,4,2,2,14,14,1,0,0,0,1,0,2,0,0,2,0,0,600,0
601,601,4,8,16,32,8,14,14,1,0,0,1,0,0,4,0,0,0,0,0,601,0
602,602,2,2,4,1,2,14,14,1,0,0,1,0,2,0,0,0,0,0,0,602,0
603,603,2,2,4,2,2,14,14,1,0,0,1,0,0,2,0,0,0,0,0,603,0
604,604,2,2,4,6,2,14,14,1,0,0,1,0,0,2,0,0,0,0,0,604,1
605,605,2,2,4,2,2,14,14,1,0,0,0,1,0,2,0,0,0,0,0,605,0
606,606,2,2,4,1,2,14,14,1,0,0,1,0,0,2,0,0,0,0,0,606,0
607,607,2,2,4,1,2,14,14,1,0,0,1,0,0,0,2,0,0,0,0,607,0
608,608,6,36,60,1446,36,14,14,1,0,0,1,0,0,6,0,0,0,0,0,608,1
609,609,2,2,4,4,2,14,14,1,0,0,1,0,2,0,0,0,0,0,0,609,0
610,610,2,1,2,1,2,14,14,1,0,0,1,0,0,2,0,0,0,0,0,610,0
611,611,2,2,4,1,2,14,14,1,0,0,1,0,0,2,0,0,0,0,0,611,0
612,612,2,2,4,2,2,14,14,1,0,0,1,0,0,2,0,0,0,0,0,612,0
613,613,2,2,4,4,2,14,14,1,0,0,1,0,0,2,0,0,0,0,0,613,0
614,614,2,2,4,2,2,14,14,1,0,0,1,0,2,0,0,0,0,0,0,614,0
615,615,2,2,4,4,2,14,14,1,0,0,1,0,2,0,0,0,0,0,0,615,0
616,616,2,1,2,1,2,14,14,1,0,0,1,0,0,2,0,0,0,0,0,616,0
617,617,4,12,24,120,16,14,14,1,0,0,1,0,0,4,0,0,0,0,0,617,0
618,618,2,2,4,1,2,14,14,1,0,0,1,0,0,2,0,0,0,0,0,618,0
619,619,2,2,4,14,2,14,14,1,0,0,1,0,0,2,0,0,0,0,0,619,0
620,620,2,2,4,6,2,14,14,1,0,0,1,0,0,2,0,0,0,0,0,620,0
621,621,2,2,4,2,2,14,14,1,0,0,1,0,0,0,2,0,0,0,0,621,0
622,622,2,2,4,4,2,14,14,1,0,0,1,0,0,2,0,0,0,0,0,622,0
623,623,2,2,4,2,2,14,14,1,0,0,1,0,0,0,0,2,2,0,0,623,1
624,624,2,2,4,4,2,14,14,1,0,0,1,0,0,0,2,0,0,0,0,624,0
625,625,4,8,16,260,8,14,14,1,0,0,1,0,0,4,0,0,0,0,0,625,0
626,626,2,2,4,1,2,14,14,1,0,0,1,0,0,2,0,0,0,0,0,626,0
627,627,6,10,24,1712,10,14,14,1,0,0,1,0,0,4,2,0,0,0,0,627,0
628,628,2,2,4,1,2,14,14,1,0,0,1,0,0,2,0,0,0,0,0,628,0
629,629,2,2,4,26,2,14,14,1,0,0,1,0,0,0,0,2,0,0,0,629,0
630,630,2,2,4,32,2,14,14,1,0,0,1,0,0,0,0,2,0,0,0,630,0
631,631,4,4,8,4,4,14,14,1,0,0,1,0,4,0,0,0,0,0,0,631,0
632,632,2,2,4,8,2,14,14,1,0,0,1,0,0,0,2,0,0,0,0,632,0
633,633,2,2,4,1,2,14,14,1,0,0,1,0,0,2,0,0,0,0,0,633,0
634,634,2,2,4,1,2,14,14,1,0,0,1,0,2,0,0,0,0,0,0,634,1
635,635,2,2,4,1,2,14,14,1,0,0,1,0,0,0,2,0,0,0,0,635,0
636,636,2,2,4,2,2,14,14,1,0,0,1,0,0,2,0,0,0,2,0,636,0
637,637,1,1,2,2,1,8,8,1,0,0,1,0,0,0,1,0,0,0,0,637,0
638,638,1,1,2,1,1,8,8,1,0,0,1,0,0,0,1,0,0,0,0,638,0
639,639,2,2,4,4,2,8,8,1,0,0,0,1,0,1,1,0,0,0,0,639,0
640,640,5,11,22,1433,11,8,8,1,0,0,1,0,3,2,0,0,0,0,0,640,1
641,641,1,1,2,1,1,8,8,1,0,0,1,0,1,0,0,0,0,0,0,641,0
642,642,1,1,2,1,1,8,8,1,0,0,1,0,0,1,0,0,0,0,0,642,0
643,643,1,2,4,12,1,8,8,1,0,0,1,0,0,0,1,0,0,0,0,643,1
644,644,1,1,2,5,1,8,8,1,0,0,1,0,0,0,1,0,0,0,0,644,0
645,645,1,1,2,1,1,8,8,1,0,0,1,0,0,0,1,0,0,0,0,645,0
646,646,1,1,2,1,1,8,8,1,0,0,1,0,1,0,0,0,0,0,0,646,0
647,647,1,1,2,1,1,8,8,1,0,0,1,0,0,0,1,0,0,0,0,647,0
648,648,1,1,2,7,1,8,8,1,0,0,1,0,0,1,0,0,0,0,0,648,0
649,649,1,1,2,1,1,8,8,1,0,0,1,0,0,0,1,0,0,0,0,649,0
650,650,2,1,3,2,2,8,10,1,0,0,1,0,0,0,2,0,0,0,0,650,1
651,651,1,2,4,396,1,8,8,1,0,0,1,0,1,0,0,0,0,0,0,651,0
652,652,1,1,2,5,1,8,8,1,0,0,1,0,0,1,0,0,0,0,0,652,0
653,653,1,5,7,90,1,8,8,1,0,0,1,0,0,1,0,0,0,0,0,653,0
654,654,1,1,2,1,1,8,8,1,0,0,0,1,1,0,0,0,0,0,0,654,0
655,655,1,1,1,1,1,8,8,1,0,0,1,0,0,1,0,0,0,0,0,655,1
656,656,1,1,2,1,1,8,8,1,0,0,1,0,0,1,0,0,0,0,0,656,0
657,657,1,1,2,2,1,8,8,1,0,0,1,0,0,1,0,0,0,0,0,657,1
658,658,1,1,2,3,1,8,8,1,0,0,0,0,0,0,1,0,0,0,0,658,0
659,659,1,1,2,1,1,8,8,1,0,0,1,0,0,1,0,0,0,0,0,659,1
660,660,1,1,2,1,1,8,8,1,0,0,1,0,0,0,0,1,0,0,0,660,0
661,661,1,1,1,1,1,8,8,1,0,0,1,0,0,0,1,0,0,0,0,661,0
662,662,1,1,2,1,1,8,8,1,0,0,1,0,0,1,0,0,0,0,0,662,1
663,663,1,1,2,2,1,8,8,1,0,0,1,0,0,0,1,0,0,0,0,663,1
664,664,1,2,4,59,3,8,8,1,0,0,1,0,0,1,0,0,0,0,0,664,1
665,665,1,1,2,1,1,8,8,1,0,0,0,1,0,1,0,0,0,0,0,665,0
666,666,1,1,2,1,1,8,8,1,0,0,1,0,1,0,0,0,0,0,0,666,1
667,667,4,8,24,8196,12,8,8,1,0,0,1,0,4,0,0,0,0,0,0,667,0
668,668,1,1,2,10,1,8,8,1,0,0,1,0,1,0,0,0,0,0,0,668,1
669,669,1,1,2,1,1,8,8,1,0,0,1,0,0,1,0,0,0,0,0,669,0
670,670,1,1,2,1,1,8,8,1,0,0,1,0,0,0,1,0,0,0,0,670,0
671,671,1,1,2,1,1,8,8,1,0,0,1,0,1,0,0,0,0,0,0,671,1
672,672,2,4,8,414,4,35,35,1,0,0,1,0,0,2,0,0,0,0,0,672,0
673,673,1,1,2,1,1,35,35,1,0,0,1,0,0,0,1,0,0,0,0,673,0
674,674,1,1,2,2,1,35,35,1,0,0,1,0,0,0,1,0,0,0,0,674,0
675,675,1,1,2,1,1,35,35,1,0,0,1,0,0,1,0,0,0,0,0,675,1
676,676,1,1,2,1,1,35,35,1,0,0,1,0,0,1,0,0,0,0,0,676,0
677,677,1,1,2,6,1,35,35,1,0,0,1,0,0,1,0,0,0,0,0,677,0
678,678,1,1,2,1,1,35,35,1,0,0,1,0,0,0,1,0,0,0,0,678,0
679,679,1,1,2,3,1,35,35,1,0,0,1,0,1,0,0,0,0,0,0,679,0
680,680,1,1,2,1,1,35,35,1,0,0,1,0,1,0,0,0,0,0,0,680,0
681,681,1,1,1,1,1,35,35,1,0,0,1,0,0,1,0,0,0,0,0,681,0
682,682,1,1,2,1,1,35,35,1,0,0,1,0,1,0,0,0,0,0,0,682,0
683,683,1,1,2,1,1,35,35,1,0,0,1,0,0,0,1,0,0,0,0,683,0
684,684,1,1,2,1,1,35,35,1,0,0,1,0,0,1,0,0,0,0,0,684,0
685,685,1,1,2,2,1,35,35,1,0,0,1,0,0,0,1,0,0,0,0,685,0
686,686,1,1,2,1,1,35,35,1,0,0,1,0,0,0,1,0,0,0,0,686,0
687,687,1,1,2,29,1,35,35,1,0,0,0,1,0,1,0,0,0,0,0,687,0
688,688,1,1,1,1,1,35,35,1,0,0,1,0,0,0,1,0,0,0,0,688,0
689,689,1,1,2,1,1,35,35,1,0,0,1,0,1,0,0,0,0,0,0,689,0
690,690,1,1,2,2,1,35,35,1,0,0,1,0,0,0,1,0,0,0,0,690,0
691,691,1,1,2,1,1,35,35,1,0,0,1,0,1,0,0,0,0,0,0,691,0
692,692,1,1,2,2,1,35,35,1,0,0,1,0,0,1,0,0,0,0,0,692,0
693,693,1,1,2,1,1,35,35,1,0,0,1,0,0,0,1,0,0,0,0,693,0
694,694,1,1,2,1,1,35,35,1,0,0,1,0,0,0,1,0,0,0,0,694,0
695,695,1,1,2,1,1,35,35,1,0,0,1,0,1,0,0,0,0,0,0,695,0
696,696,1,1,2,3,1,35,35,1,0,0,1,0,0,1,0,0,0,0,0,696,0
697,697,1,1,2,1,1,35,35,1,0,0,1,0,0,1,0,0,0,0,0,697,0
698,698,1,1,2,1,1,35,35,1,0,0,1,0,0,0,1,0,0,0,0,698,0
699,699,1,1,2,1,1,35,35,1,0,0,1,0,0,1,0,0,1,0,0,699,0
700,700,1,1,2,1,1,35,35,1,0,0,1,0,1,0,0,0,0,0,0,700,0
701,701,1,1,2,1,1,35,35,1,0,0,1,0,0,1,0,0,0,0,0,701,0
702,702,1,1,2,1,1,35,35,1,0,0,1,0,1,0,0,0,0,0,0,702,0
703,703,1,1,2,1,1,35,35,1,0,0,1,0,0,1,0,0,0,0,0,703,0
704,704,1,1,2,1,1,35,35,1,0,0,1,0,0,0,0,1,0,0,0,704,0
705,705,1,1,2,1,1,35,35,1,0,0,1,0,0,1,0,0,0,0,0,705,0
706,706,1,1,2,1,1,1,1,1,0,0,1,0,0,1,0,0,0,0,0,706,1
707,707,1,1,2,1,1,1,1,0,1,0,1,0,0,1,0,0,0,0,0,707,0
708,708,2,4,8,42,4,1,1,1,0,0,1,0,0,2,0,0,0,0,0,708,1
709,709,1,1,2,1,1,1,1,1,0,0,1,0,0,1,0,0,0,0,0,709,0
710,710,1,1,2,1,1,1,1,1,0,0,1,0,0,1,0,0,0,0,0,710,0
711,711,1,1,2,1,1,1,1,1,0,0,1,0,1,0,0,0,0,0,0,711,0
712,712,1,1,2,1,1,1,1,1,0,0,1,0,0,1,0,0,0,0,0,712,0
713,713,1,1,2,1,1,1,1,1,0,0,1,0,0,1,0,0,0,0,0,713,0
714,714,1,1,2,2,1,1,1,1,0,0,1,0,1,0,0,0,0,0,0,714,0
715,715,1,1,2,1,1,1,1,1,0,0,0,1,0,1,0,0,0,0,0,715,0
716,716,1,1,2,1,1,1,1,1,0,0,1,0,0,1,0,0,0,0,0,716,0
717,717,1,1,2,1,1,1,1,1,0,0,1,0,1,0,0,0,0,0,0,717,0
718,718,2,2,4,2,2,0,1,1,0,0,1,0,0,1,1,0,0,0,0,718,1
719,719,1,1,2,1,1,1,1,1,0,0,0,1,0,0,0,1,0,0,0,719,0
720,720,1,1,2,1,1,1,1,1,0,0,1,0,0,1,0,0,0,0,0,720,1
721,721,1,1,2,1,1,1,1,1,0,0,1,0,1,0,0,0,0,0,0,721,1
722,722,1,1,3,11,3,1,1,1,0,0,1,0,0,1,0,0,0,0,0,722,1
723,723,1,1,2,2,1,1,1,1,0,0,1,0,0,0,1,0,0,0,0,723,1
724,724,1,1,2,2,1,1,1,1,0,0,1,0,0,0,1,0,0,0,0,724,0
725,725,1,2,3,301,1,1,1,1,0,0,1,0,1,0,0,0,0,0,0,725,0
726,726,2,4,8,104,4,1,1,1,0,0,1,0,0,2,0,0,0,0,0,726,1
727,727,1,1,2,1,1,1,1,1,0,0,0,1,0,1,0,0,0,0,0,727,1
728,728,1,1,2,1,1,1,1,1,0,0,1,0,0,0,1,0,0,0,0,728,1
729,729,1,1,2,2,1,1,1,1,0,0,1,0,0,1,0,0,0,0,0,729,0
730,730,1,1,1,1,1,1,1,1,0,0,1,0,1,0,0,0,0,0,0,730,1
731,731,1,1,2,2,1,1,1,1,0,0,1,0,1,0,0,0,0,0,0,731,1
732,732,1,1,2,1,1,1,1,1,0,0,1,0,0,1,0,0,0,0,0,732,0
733,733,2,4,8,470,4,1,1,1,0,0,1,0,0,2,0,0,0,0,0,733,1
734,734,1,1,2,1,1,1,1,1,0,0,1,0,0,0,1,0,0,0,0,734,0
735,735,1,1,2,1,1,1,1,1,0,0,1,0,1,0,0,0,0,0,0,735,0
736,736,1,1,2,1,1,1,1,1,0,0,1,0,0,1,0,0,0,0,0,736,1
737,737,1,1,2,2,1,1,1,1,0,0,1,0,0,0,0,1,0,0,0,737,0
738,738,1,1,2,1,1,1,1,1,0,0,1,0,1,0,0,0,0,0,0,738,0
739,739,2,4,8,82,4,1,1,1,0,0,1,0,0,2,0,0,0,0,0,739,1
740,740,1,1,2,2,1,1,1,1,0,0,1,0,0,1,0,0,0,0,0,740,0
741,741,1,1,2,1,1,1,1,1,0,0,1,0,0,0,1,0,0,0,0,741,1
742,742,1,1,2,3,1,1,1,1,0,0,1,0,0,1,0,0,0,0,0,742,0
743,743,1,1,2,1,1,1,1,1,0,0,1,0,0,1,0,0,0,0,0,743,0
744,744,1,1,2,1,1,1,1,1,0,0,1,0,0,1,0,0,1,0,0,744,1
745,745,1,1,2,1,1,28,28,1,0,0,1,0,0,0,0,1,0,0,0,745,0
746,746,1,1,2,4,1,28,28,1,0,0,1,0,0,1,0,0,0,0,0,746,0
747,747,1,1,2,1,1,28,28,1,0,0,1,0,0,0,1,0,0,0,0,747,0
748,748,1,1,2,1,1,28,28,1,0,0,1,0,0,1,0,0,0,0,0,748,0
749,749,1,1,2,1,1,28,28,1,0,0,1,0,0,1,0,0,0,0,0,749,0
750,750,1,1,2,1,1,28,28,1,0,0,1,0,0,1,0,0,0,0,0,750,0
751,751,1,1,2,1,1,28,28,1,0,0,1,0,0,0,1,0,0,0,0,751,0
752,752,1,1,2,1,1,28,28,1,0,0,1,0,0,1,0,0,0,0,0,752,0
753,753,1,1,2,1,1,28,28,1,0,0,1,0,0,1,0,0,0,0,0,753,0
754,754,1,1,2,1,1,28,28,1,0,0,0,1,0,0,1,0,0,0,0,754,0
755,755,1,1,2,3,1,28,28,1,0,0,1,0,1,0,0,0,0,0,0,755,0
756,756,2,4,8,114,4,28,28,1,0,0,1,0,2,0,0,0,0,0,0,756,0
757,757,1,2,4,27,3,21,21,1,0,0,0,1,1,0,0,0,0,0,0,757,0
758,758,1,1,2,1,1,21,21,1,0,0,1,0,0,0,1,0,0,0,0,758,0
759,759,1,1,2,1,1,21,21,1,0,0,1,0,0,1,0,0,0,0,0,759,1
760,760,1,1,2,1,1,21,21,1,0,0,1,0,1,0,0,0,0,0,0,760,0
761,761,1,1,1,1,1,21,21,0,0,1,0,0,0,1,0,0,0,0,0,761,0
762,762,1,2,4,22,3,21,21,1,0,0,1,0,0,1,0,0,0,0,0,762,1
763,763,1,1,2,1,1,21,21,1,0,0,1,0,0,0,1,0,0,0,0,763,0
764,764,2,4,8,106,4,21,21,1,0,0,1,0,0,2,0,0,0,0,0,764,0
765,765,1,1,2,1,1,21,21,1,0,0,1,0,0,1,0,0,0,0,0,765,0
766,766,1,1,2,2,1,21,21,1,0,0,1,0,0,0,0,1,0,0,0,766,0
767,767,1,1,2,1,1,21,21,1,0,0,1,0,0,1,0,0,0,0,0,767,0
768,768,1,4,5,167,1,21,21,1,0,0,1,0,1,0,0,0,0,0,0,768,0
769,769,1,1,2,1,1,21,21,1,0,0,1,0,0,1,0,0,0,0,0,769,1
770,770,1,1,2,2,1,21,21,0,0,1,1,0,0,1,0,0,0,0,0,770,0
771,771,1,1,2,10,1,21,21,1,0,0,1,0,1,0,0,0,0,0,0,771,0
772,772,1,1,2,1,1,21,21,1,0,0,1,0,0,1,0,0,0,0,0,772,0
773,773,1,1,2,1,1,21,21,1,0,0,1,0,0,1,0,0,0,0,0,773,0
774,774,1,1,2,1,1,21,21,1,0,0,1,0,1,0,0,0,0,0,0,774,0
775,775,1,1,2,3,1,21,21,1,0,0,1,0,1,0,0,0,0,0,0,775,0
776,776,2,2,4,1,2,21,21,1,0,0,1,0,2,0,0,0,0,0,0,776,0
777,777,1,1,2,1,1,21,21,1,0,0,1,0,1,0,0,0,0,0,0,777,0
778,778,1,1,2,5,1,21,21,1,0,0,1,0,1,0,0,0,1,0,0,778,0
779,779,18,103,211,10047,88,20,21,1,0,0,1,0,0,18,0,0,0,0,0,779,1
780,780,1,1,2,1,1,21,21,1,0,0,1,0,0,0,0,1,0,0,0,780,0
781,781,1,1,2,1,1,21,21,1,0,0,1,0,1,0,0,0,0,0,0,781,0
782,782,1,1,2,3,1,21,21,1,0,0,1,0,0,1,0,0,1,0,0,782,0
783,783,1,1,2,1,1,21,21,1,0,0,1,0,0,0,1,0,0,0,0,783,0
784,784,1,1,2,1,1,21,21,1,0,0,1,0,0,0,1,0,0,0,0,784,0
785,785,1,1,2,1,1,21,21,1,0,0,1,0,1,0,0,0,0,0,0,785,0
786,786,1,1,2,1,1,0,0,1,0,0,1,0,0,0,1,0,0,0,0,786,0
787,787,1,1,2,1,1,0,0,1,0,0,1,0,0,1,0,0,0,0,0,787,0
788,788,1,1,2,3,1,0,0,1,0,0,1,0,1,0,0,0,0,1,0,788,1
789,789,1,1,2,1,1,0,0,1,0,0,1,0,0,0,1,0,0,0,0,789,1
790,790,1,1,2,1,1,0,0,1,0,0,1,0,0,0,1,0,0,0,0,790,1
791,791,1,1,2,2,1,0,0,0,0,1,1,0,1,0,0,0,0,0,0,791,0
792,792,1,1,2,1,1,0,0,1,0,0,1,0,0,0,1,0,0,0,0,792,1
793,793,1,1,3,2,3,0,0,1,0,0,1,0,0,0,1,0,0,0,0,793,0
794,794,1,1,2,1,1,0,0,1,0,0,1,0,0,0,1,0,0,0,0,794,1
795,795,1,1,2,1,1,0,0,1,0,0,1,0,0,1,0,0,0,0,0,795,1
796,796,1,1,2,1,1,0,0,1,0,0,1,0,1,0,0,0,0,0,0,796,1
797,797,2,1,2,1,2,0,0,1,0,0,1,0,0,1,1,0,0,0,0,797,1
798,798,1,1,2,1,1,0,0,1,0,0,1,0,0,1,0,0,0,0,0,798,1
799,799,1,1,2,1,1,0,0,1,0,0,1,0,0,1,0,0,0,0,0,799,0
800,800,1,1,2,1,1,0,0,1,0,0,1,0,0,0,1,0,0,0,0,800,1
801,801,1,1,2,8,1,0,0,1,0,0,1,0,0,0,1,0,0,0,0,801,1
802,802,2,2,4,3,2,0,0,1,0,0,1,0,0,2,0,0,0,0,0,802,1
803,803,1,1,2,4,1,0,0,1,0,0,1,0,1,0,0,0,0,0,0,803,0
804,804,2,4,8,74,4,0,0,1,0,0,1,0,0,2,0,0,0,0,0,804,1
805,805,1,1,2,1,1,0,0,1,0,0,1,0,1,0,0,0,0,0,0,805,1
806,806,1,1,2,2,1,0,0,1,0,0,1,0,0,0,1,0,0,0,0,806,1
807,807,2,2,5,3,4,0,0,1,0,0,1,0,0,2,0,0,0,0,0,807,1
808,808,1,1,3,8,2,0,0,1,0,0,1,0,0,0,1,0,0,0,0,808,1
809,809,1,1,1,1,1,0,0,1,0,0,1,0,0,1,0,0,0,0,0,809,1
810,810,1,1,2,1,1,0,0,1,0,0,1,0,1,0,0,0,0,0,0,810,1
811,811,1,1,2,2,1,0,0,1,0,0,1,0,0,1,0,0,0,0,0,811,0
812,812,3,3,6,3,3,0,0,1,0,0,1,0,0,0,3,0,0,0,0,812,1
813,813,1,1,2,1,1,0,0,1,0,0,0,1,0,1,0,0,0,0,0,813,1
814,814,1,1,2,1,1,0,0,1,0,0,1,0,1,0,0,0,0,0,0,814,1
815,815,2,4,8,106,4,0,0,1,0,0,0,1,2,0,0,0,0,0,0,815,1
816,816,1,1,2,2,1,0,0,1,0,0,1,0,1,0,0,0,0,0,0,816,1
817,817,2,2,4,6,2,0,0,1,0,0,1,0,0,2,0,0,0,0,0,817,1
818,818,2,4,8,84,4,41,41,1,0,0,1,0,0,2,0,0,0,0,0,818,0
819,819,1,2,4,11,1,41,41,1,0,0,1,0,0,0,1,0,1,0,0,819,0
820,820,2,4,8,10,4,41,41,1,0,0,1,0,0,0,2,0,0,0,0,820,0
821,821,1,1,2,2,1,41,41,1,0,0,1,0,1,0,0,0,0,0,0,821,0
822,822,1,1,1,1,1,41,41,1,0,0,1,0,1,0,0,0,0,0,0,822,0
823,823,1,1,2,2,1,41,41,1,0,0,1,0,1,0,0,0,0,0,0,823,0
824,824,1,1,2,1,1,41,41,1,0,0,1,0,0,0,1,0,0,0,0,824,0
825,825,1,1,1,1,1,41,41,1,0,0,1,0,0,1,0,0,0,0,0,825,0
826,826,1,1,2,1,1,41,41,1,0,0,1,0,0,1,0,0,0,0,0,826,0
827,827,1,1,2,2,1,41,41,1,0,0,1,0,0,1,0,0,0,0,0,827,0
828,828,1,1,2,1,1,41,41,1,0,0,1,0,1,0,0,0,0,0,0,828,0
829,829,1,1,2,1,1,41,41,1,0,0,1,0,1,0,0,0,0,0,0,829,0
830,830,1,1,2,1,1,41,41,1,0,0,1,0,0,1,0,0,0,0,0,830,0
831,831,7,15,28,1330,13,41,41,1,0,0,1,0,0,7,0,0,0,0,0,831,0
832,832,1,1,2,1,1,41,41,1,0,0,1,0,0,1,0,0,0,0,0,832,0
833,833,1,1,2,1,1,41,41,1,0,0,1,0,0,1,0,0,0,0,0,833,0
834,834,1,1,2,1,1,41,41,1,0,0,1,0,0,1,0,0,0,0,0,834,0
835,835,1,4,6,302,1,41,41,1,0,0,0,1,1,0,0,0,0,0,0,835,0
836,836,1,1,2,1,1,41,41,1,0,0,1,0,0,1,0,0,0,0,0,836,0
837,837,3,2,5,2,3,37,41,1,0,0,1,0,2,0,1,0,0,0,0,837,0
838,838,1,1,2,2,1,41,41,1,0,0,1,0,1,0,0,0,0,0,0,838,0
839,839,2,4,8,26,4,41,41,1,0,0,1,0,0,0,0,2,0,0,0,839,0
840,840,1,1,4,1,1,41,41,1,0,0,1,0,0,1,0,0,0,0,0,840,0
841,841,2,2,4,1,2,41,41,1,0,0,1,0,0,2,0,0,0,0,0,841,0
842,842,1,2,4,44,1,41,41,1,0,0,1,0,0,0,1,0,0,0,0,842,0
843,843,3,3,6,3,3,41,41,1,0,0,1,0,0,3,0,0,0,0,0,843,0
844,844,1,1,2,1,1,41,41,1,0,0,1,0,0,0,1,0,0,0,0,844,0
845,845,1,1,2,1,1,41,41,1,0,0,1,0,1,0,0,0,0,0,0,845,0
846,846,1,1,2,2,1,41,41,1,0,0,1,0,0,0,1,0,0,0,0,846,0
847,847,1,1,2,17,1,41,41,1,0,0,1,0,0,1,0,0,1,0,0,847,0
848,848,1,1,2,1,1,41,41,1,0,0,1,0,0,0,0,1,0,0,0,848,0
849,849,2,4,8,6,3,41,41,1,0,0,1,0,0,0,2,0,0,0,0,849,0
850,850,1,1,2,7,1,41,41,1,0,0,1,0,0,0,0,1,0,0,0,850,0
851,851,1,1,2,1,1,41,41,1,0,0,1,0,0,1,0,0,0,0,0,851,0
852,852,1,1,2,1,1,41,41,1,0,0,1,0,0,0,1,0,0,0,0,852,0
853,853,1,1,2,4,1,41,41,1,0,0,1,0,0,1,0,0,0,0,0,853,0
854,854,1,1,2,1,1,41,41,1,0,0,1,0,0,0,1,0,0,0,0,854,0
855,855,1,1,2,4,1,34,34,1,0,0,1,0,0,1,0,0,0,0,0,855,0
856,856,1,1,2,13,1,34,34,1,0,0,1,0,0,0,1,0,0,0,0,856,0
857,857,1,1,2,2,1,34,34,1,0,0,1,0,0,1,0,0,0,0,0,857,0
858,858,1,1,2,2,1,34,34,1,0,0,1,0,1,0,0,0,0,0,0,858,0
859,859,1,1,2,4,1,34,34,1,0,0,1,0,0,1,0,0,0,0,0,859,0
860,860,3,24,33,1137,14,34,34,1,0,0,1,0,0,0,3,0,0,0,0,860,0
861,861,1,1,2,1,1,34,34,1,0,0,1,0,0,1,0,0,0,0,0,861,0
862,862,1,1,2,3,1,34,34,1,0,0,1,0,0,0,0,1,1,0,0,862,0
863,863,1,1,2,1,1,34,34,1,0,0,1,0,0,0,1,0,0,0,0,863,0
864,864,1,2,3,125,1,34,34,1,0,0,1,0,1,0,0,0,0,0,0,864,0
865,865,4,16,32,4480,16,34,34,1,0,0,1,0,0,4,0,0,0,0,0,865,0
866,866,1,1,2,2,1,34,34,1,0,0,1,0,0,1,0,0,0,0,0,866,0
867,867,1,1,2,1,1,34,34,1,0,0,1,0,0,1,0,0,0,0,0,867,0
868,868,1,1,2,1,1,34,34,1,0,0,1,0,1,0,0,0,0,0,0,868,0
869,869,1,1,2,7,1,34,34,1,0,0,1,0,0,1,0,0,0,0,0,869,0
870,870,1,1,2,2,1,34,34,1,0,0,1,0,0,0,0,1,0,0,0,870,0
871,871,1,1,2,1,1,34,34,1,0,0,1,0,0,1,0,0,0,0,0,871,0
872,872,1,1,2,2,1,34,34,1,0,0,1,0,0,0,1,0,0,0,0,872,0
873,873,1,1,2,1,1,34,34,1,0,0,1,0,0,1,0,0,0,0,0,873,0
874,874,1,1,2,1,1,34,34,1,0,0,1,0,0,1,0,0,0,0,0,874,0
875,875,1,1,2,2,1,34,34,1,0,0,1,0,0,1,0,0,0,0,0,875,0
876,876,1,1,1,1,1,34,34,1,0,0,1,0,0,1,0,0,0,0,0,876,0
877,877,1,3,5,23,4,34,34,1,0,0,1,0,1,0,0,0,0,0,0,877,0
878,878,1,1,2,1,1,34,34,1,0,0,1,0,1,0,0,0,0,0,0,878,0
879,879,1,1,2,1,1,34,34,1,0,0,1,0,0,1,0,0,0,0,0,879,0
880,880,1,1,2,1,1,34,34,1,0,0,1,0,0,1,0,0,0,0,0,880,0
881,881,1,1,2,3,1,34,34,1,0,0,1,0,1,0,0,0,0,0,0,881,0
882,882,1,1,2,1,1,27,27,1,0,0,1,0,0,1,0,0,0,0,0,882,0
883,883,1,1,2,2,1,27,27,1,0,0,1,0,1,0,0,0,0,0,0,883,0
884,884,1,2,4,104,1,27,27,1,0,0,1,0,0,0,1,0,0,1,0,884,0
885,885,1,1,2,1,1,27,27,1,0,0,1,0,0,1,0,0,0,0,0,885,0
886,886,3,5,10,31,5,27,27,1,0,0,1,0,0,3,0,0,0,0,0,886,0
887,887,1,1,2,1,1,27,27,1,0,0,1,0,0,0,1,0,0,0,0,887,0
888,888,1,1,2,1,1,27,27,1,0,0,1,0,1,0,0,0,0,0,0,888,0
889,889,1,1,2,2,1,27,27,1,0,0,1,0,0,1,0,0,0,0,0,889,0
890,890,1,1,2,1,1,27,27,1,0,0,1,0,0,1,0,0,0,0,0,890,0
891,891,1,1,2,1,1,27,27,1,0,0,1,0,1,0,0,0,0,0,0,891,0
892,892,1,1,2,1,1,27,27,1,0,0,1,0,0,0,1,0,0,0,0,892,0
893,893,1,1,2,1,1,27,27,1,0,0,1,0,1,0,0,0,0,0,0,893,0
894,894,1,1,2,2,1,27,27,1,0,0,1,0,0,1,0,0,0,0,1,894,0
895,895,1,1,2,1,1,27,27,1,0,0,1,0,0,1,0,0,1,0,0,895,0
896,896,2,2,4,3,2,27,27,1,0,0,1,0,0,0,0,2,0,0,0,896,0
897,897,1,1,2,2,1,27,27,1,0,0,1,0,0,0,1,0,0,0,0,897,0
898,898,1,1,2,1,1,27,27,1,0,0,1,0,1,0,0,0,0,0,0,898,0
899,899,1,1,2,1,1,27,27,1,0,0,1,0,0,0,0,1,0,0,0,899,0
900,900,1,1,2,1,1,27,27,1,0,0,1,0,0,1,0,0,0,0,0,900,0
901,901,1,1,2,1,1,27,27,1,0,0,1,0,0,1,0,0,0,0,0,901,0
902,902,1,1,2,1,1,27,27,1,0,0,1,0,1,0,0,0,0,0,0,902,0
903,903,1,1,2,1,1,27,27,1,0,0,1,0,1,0,0,0,0,0,0,903,0
904,904,1,1,2,1,1,27,27,1,0,0,1,0,0,0,1,0,0,0,0,904,0
905,905,2,10,18,598,8,27,27,1,0,0,0,1,0,2,0,0,0,0,0,905,0
906,906,1,1,2,7,1,27,27,1,0,0,1,0,0,1,0,0,0,0,0,906,0
907,907,1,1,2,11,1,27,27,1,0,0,1,0,0,1,0,0,0,0,0,907,0
908,908,2,4,8,24,4,20,20,1,0,0,1,0,0,2,0,0,0,0,0,908,0
909,909,1,1,2,1,1,20,20,1,0,0,1,0,0,1,0,0,0,0,0,909,0
910,910,2,4,8,1070,4,20,20,1,0,0,1,0,0,0,2,0,0,0,0,910,0
911,911,3,5,10,648,5,20,20,0,0,1,1,0,0,3,0,0,0,0,0,911,0
912,912,1,1,2,3,1,20,20,1,0,0,1,0,0,1,0,0,0,0,0,912,0
913,913,1,1,1,1,1,20,20,1,0,0,1,0,0,1,0,0,0,0,0,913,0
914,914,1,1,2,1,1,20,20,1,0,0,1,0,1,0,0,0,0,0,0,914,0
915,915,1,1,2,1,1,20,20,1,0,0,1,0,0,0,1,0,0,0,0,915,0
916,916,1,1,2,14,1,20,20,1,0,0,1,0,0,0,0,1,0,0,0,916,0
917,917,2,12,24,852,8,20,20,1,0,0,0,1,0,1,1,0,0,0,0,917,0
918,918,1,1,2,3,1,20,20,1,0,0,1,0,1,0,0,0,0,0,0,918,0
919,919,1,1,2,1,1,20,20,1,0,0,1,0,1,0,0,0,0,0,0,919,0
920,920,1,1,2,2,1,20,20,1,0,0,1,0,1,0,0,0,0,0,0,920,0
921,921,1,1,2,1,1,20,20,1,0,0,1,0,1,0,0,0,0,0,0,921,0
922,922,2,4,8,112,4,20,20,1,0,0,1,0,0,0,2,0,0,0,0,922,0
923,923,1,1,2,8,1,20,20,1,0,0,1,0,0,1,0,0,1,0,0,923,0
924,924,1,1,2,1,1,20,20,1,0,0,1,0,0,1,0,0,0,0,0,924,0
925,925,2,3,6,353,4,20,37,1,0,0,1,0,0,0,2,0,0,0,0,925,1
926,926,1,1,2,8,1,20,20,1,0,0,1,0,1,0,0,0,0,0,0,926,0
927,927,2,4,8,66,4,20,20,1,0,0,1,0,2,0,0,0,1,0,0,927,0
928,928,3,5,10,116,5,20,20,1,0,0,1,0,3,0,0,0,0,0,0,928,0
929,929,1,1,2,1,1,20,20,1,0,0,1,0,0,1,0,0,0,0,0,929,0
930,930,1,1,2,2,1,20,20,1,0,0,1,0,0,1,0,0,0,0,0,930,0
931,931,1,1,2,1,1,20,20,1,0,0,1,0,0,1,0,0,0,0,0,931,0
932,932,1,1,2,1,1,20,20,1,0,0,1,0,0,1,0,0,0,0,0,932,0
933,933,1,1,2,1,1,20,20,1,0,0,1,0,0,0,1,0,0,0,0,933,0
934,934,1,1,2,1,1,20,20,1,0,0,1,0,0,0,1,0,0,0,0,934,0
935,935,3,9,18,369,9,20,20,1,0,0,1,0,0,3,0,0,3,0,0,935,1
936,936,1,1,2,1,1,20,20,1,0,0,1,0,0,1,0,0,0,0,0,936,0
937,937,2,4,8,2754,4,20,20,1,0,0,1,0,0,2,0,0,0,0,0,937,0
938,938,1,1,2,2,1,20,20,1,0,0,1,0,0,1,0,0,0,0,0,938,1
939,939,1,1,2,1,1,20,20,1,0,0,1,0,0,1,0,0,0,0,0,939,0
940,940,1,1,2,10,1,20,20,1,0,0,1,0,0,1,0,0,0,0,0,940,1
941,941,4,16,32,4464,16,20,20,0,0,1,1,0,0,4,0,0,0,0,0,941,0
942,942,1,3,6,90,1,20,20,1,0,0,1,0,0,1,0,0,0,0,0,942,0
943,943,2,2,4,2,2,16,20,1,0,0,1,0,0,0,2,0,1,0,0,943,0
944,944,1,1,2,1,1,20,20,1,0,0,1,0,0,1,0,0,0,0,0,944,0
945,945,1,1,2,1,1,20,20,1,0,0,1,0,0,0,1,0,0,0,0,945,0
946,946,1,1,2,3,1,7,7,1,0,0,1,0,1,0,0,0,0,0,0,946,0
947,947,1,1,2,2,1,7,7,1,0,0,1,0,0,1,0,0,0,0,0,947,1
948,948,1,1,2,1,1,7,7,1,0,0,1,0,0,1,0,0,0,0,0,948,0
949,949,2,2,4,25,2,5,7,1,0,0,1,0,2,0,0,0,0,0,0,949,1
950,950,1,2,4,20,3,7,7,1,0,0,1,0,0,1,0,0,0,0,0,950,1
951,951,1,1,1,1,1,7,7,0,0,1,0,0,0,1,0,0,0,0,0,951,1
952,952,1,1,2,1,1,7,7,0,0,1,1,0,0,1,0,0,0,0,0,952,0
953,953,1,1,2,1,1,7,7,1,0,0,1,0,0,0,1,0,0,0,0,953,1
954,954,1,1,2,1,1,7,7,1,0,0,1,0,0,1,0,0,0,0,0,954,0
955,955,1,1,2,1,1,7,7,1,0,0,1,0,0,1,0,0,0,0,0,955,0
956,956,1,1,2,1,1,7,7,1,0,0,1,0,0,1,0,0,0,0,0,956,0
957,957,1,1,2,7,1,7,7,1,0,0,1,0,0,1,0,0,0,0,0,957,1
958,958,1,1,2,1,1,7,7,1,0,0,1,0,0,0,1,0,0,0,0,958,0
959,959,1,2,4,30,1,7,7,1,0,0,1,0,0,0,1,0,0,0,0,959,0
960,960,1,1,1,1,3,7,7,0,1,0,0,0,0,0,0,1,0,0,0,960,0
961,961,1,3,5,11,4,7,7,1,0,0,1,0,0,1,0,0,0,0,0,961,0
962,962,1,2,4,441,1,7,7,1,0,0,1,0,0,0,1,0,0,0,0,962,0
963,963,1,1,2,1,1,7,7,1,0,0,1,0,1,0,0,0,0,0,0,963,1
964,964,1,1,2,1,1,7,7,1,0,0,1,0,1,0,0,0,0,0,0,964,1
965,965,1,1,2,1,1,7,7,1,0,0,1,0,0,1,0,0,0,0,0,965,0
966,966,1,1,3,1,2,7,7,1,0,0,1,0,0,1,0,0,0,0,0,966,1
967,967,1,1,2,1,1,7,7,1,0,0,0,1,0,0,1,0,0,0,0,967,0
968,968,1,1,2,1,1,7,7,1,0,0,1,0,0,1,0,0,1,0,0,968,0
969,969,2,4,8,66,4,7,7,1,0,0,1,0,0,2,0,0,0,0,0,969,0
970,970,1,1,2,1,1,7,7,1,0,0,1,0,0,1,0,0,0,0,0,970,0
971,971,1,1,2,1,2,7,7,1,0,0,1,0,0,1,0,0,0,0,0,971,0
972,972,1,1,2,1,1,7,7,1,0,0,1,0,0,1,0,0,0,0,0,972,0
973,973,1,1,2,1,1,7,7,1,0,0,1,0,0,1,0,0,0,0,0,973,0
974,974,2,4,8,244,4,7,7,1,0,0,1,0,0,2,0,0,0,0,0,974,0
975,975,1,1,1,1,1,7,7,1,0,0,1,0,0,1,0,0,0,0,0,975,0
976,976,1,1,2,2,1,7,7,1,0,0,1,0,0,1,0,0,0,0,0,976,1
977,977,1,1,2,1,1,7,7,1,0,0,1,0,1,0,0,0,0,0,1,977,0
978,978,1,1,2,1,1,7,7,1,0,0,1,0,0,0,1,0,0,0,0,978,1
979,979,1,1,1,1,1,7,7,1,0,0,1,0,0,0,1,0,0,0,0,979,0
980,980,1,1,2,2,1,7,7,1,0,0,1,0,0,0,1,0,0,0,0,980,0
981,981,2,4,8,512,4,7,7,1,0,0,1,0,0,2,0,0,0,0,0,981,0
982,982,1,1,2,1,1,7,7,1,0,0,1,0,0,1,0,0,0,0,0,982,0
983,983,1,1,2,1,1,7,7,1,0,0,1,0,0,1,0,0,0,0,0,983,0
984,984,1,1,2,1,1,48,48,1,0,0,1,0,0,0,1,0,0,0,0,984,0
985,985,1,1,2,1,1,48,48,1,0,0,1,0,0,0,1,0,0,0,0,985,0
986,986,1,2,3,49,1,48,48,1,0,0,1,0,0,0,1,0,0,0,0,986,0
987,987,1,1,2,2,1,48,48,1,0,0,1,0,0,0,1,0,0,0,0,987,0
988,988,1,1,2,1,1,48,48,1,0,0,1,0,0,1,0,0,0,0,0,988,0
989,989,1,1,2,1,1,48,48,0,1,0,0,0,0,1,0,0,1,0,0,989,0
990,990,2,4,8,410,4,48,48,1,0,0,1,0,0,0,2,0,0,0,0,990,0
991,991,1,1,2,3,1,48,48,1,0,0,1,0,0,0,1,0,0,0,0,991,0
992,992,1,1,2,1,1,48,48,1,0,0,1,0,0,1,0,0,0,0,0,992,0
993,993,1,6,11,476,10,48,48,1,0,0,1,0,0,0,1,0,0,0,0,993,0
994,994,1,1,2,1,1,48,48,1,0,0,0,1,0,0,0,1,1,0,0,994,0
995,995,1,1,1,1,1,48,48,1,0,0,1,0,0,0,1,0,0,0,0,995,0
996,996,1,1,2,1,1,48,48,1,0,0,1,0,0,0,1,0,0,0,0,996,0
997,997,1,4,8,718,3,48,48,1,0,0,1,0,0,0,1,0,0,0,0,997,0
998,998,1,1,2,1,1,48,48,1,0,0,1,0,0,1,0,0,0,0,0,998,0
999,999,1,2,4,106,1,48,48,1,0,0,1,0,0,0,1,0,1,0,0,999,0
1000,1000,1,1,2,2,1,48,48,1,0,0,1,0,0,0,1,0,0,0,0,1000,0
1001,1001,1,1,2,1,1,48,48,1,0,0,1,0,0,0,1,0,0,0,0,1001,0
1002,1002,1,1,2,2,1,3,3,1,0,0,1,0,0,0,1,0,0,0,0,1002,1
1003,1003,1,1,2,9,1,3,3,1,0,0,1,0,0,1,0,0,0,0,0,1003,0
1004,1004,1,1,2,3,1,3,3,1,0,0,1,0,0,1,0,0,0,0,0,1004,1
1005,1005,1,1,1,1,1,3,3,1,0,0,1,0,0,0,1,0,0,0,0,1005,1
1006,1006,1,1,2,5,1,3,3,1,0,0,1,0,0,1,0,0,0,0,0,1006,0
1007,1007,1,2,3,38,1,3,3,1,0,0,1,0,1,0,0,0,0,0,0,1007,0
1008,1008,1,2,4,193,1,3,3,1,0,0,1,0,0,1,0,0,0,0,0,1008,0
1009,1009,1,1,2,1,1,3,3,1,0,0,1,0,0,1,0,0,0,0,0,1009,0
1010,1010,1,1,2,2,1,3,3,1,0,0,1,0,0,0,1,0,0,0,0,1010,0
1011,1011,1,1,2,3,1,3,3,1,0,0,1,0,0,1,0,0,0,0,0,1011,1
1012,1012,1,2,3,5,1,3,3,1,0,0,1,0,0,0,1,0,0,0,0,1012,0
1013,1013,1,1,2,1,1,3,3,1,0,0,1,0,0,0,1,0,0,0,0,1013,0
1014,1014,2,1,4,1,3,3,3,1,0,0,1,0,0,2,0,0,0,0,0,1014,0
1015,1015,1,1,2,2,1,3,3,1,0,0,1,0,0,0,1,0,0,0,0,1015,0
1016,1016,1,1,2,5,1,3,3,1,0,0,1,0,0,0,0,1,0,0,0,1016,0
1017,1017,1,1,2,1,1,3,3,1,0,0,1,0,0,0,0,1,0,0,0,1017,1
1018,1018,1,1,1,1,1,3,3,1,0,0,1,0,0,1,0,0,0,0,0,1018,1
1019,1019,1,1,1,1,1,3,3,1,0,0,1,0,0,1,0,0,0,0,0,1019,1
1020,1020,1,1,2,1,1,37,37,1,0,0,1,0,1,0,0,0,0,0,0,1020,0
1021,1021,1,1,2,11,1,37,37,0,1,0,0,0,0,0,0,1,0,0,0,1021,0
1022,1022,1,1,2,1,1,37,37,1,0,0,1,0,0,1,0,0,0,0,0,1022,0
1023,1023,2,1,3,1,2,37,37,1,0,0,1,0,0,2,0,0,0,0,0,1023,0
1024,1024,1,1,2,2,1,37,37,1,0,0,1,0,0,1,0,0,0,0,0,1024,0
1025,1025,2,3,5,120,2,18,37,1,0,0,1,0,1,0,1,0,0,0,0,1025,0
1026,1026,1,1,2,1,1,37,37,1,0,0,1,0,1,0,0,0,0,0,0,1026,0
1027,1027,4,16,32,2068,16,37,37,1,0,0,1,0,4,0,0,0,0,0,0,1027,0
1028,1028,1,1,2,1,1,37,37,1,0,0,0,1,0,1,0,0,0,0,0,1028,0
1029,1029,1,1,2,1,1,37,37,1,0,0,1,0,0,0,1,0,0,0,0,1029,0
1030,1030,1,5,9,215,3,37,37,1,0,0,1,0,0,0,1,0,0,0,0,1030,0
1031,1031,1,2,4,260,1,37,37,1,0,0,1,0,0,1,0,0,0,0,0,1031,0
1032,1032,1,1,2,1,1,37,37,1,0,0,1,0,0,1,0,0,0,0,0,1032,0
1033,1033,1,1,2,1,1,37,37,1,0,0,1,0,1,0,0,0,0,0,0,1033,0
1034,1034,1,1,2,3,1,37,37,1,0,0,1,0,0,0,0,1,0,0,0,1034,0
1035,1035,1,1,2,1,1,37,37,1,0,0,1,0,0,0,1,0,0,0,0,1035,0
1036,1036,1,1,2,1,1,37,37,1,0,0,1,0,0,1,0,0,0,0,0,1036,0
1037,1037,1,1,2,1,1,37,37,1,0,0,1,0,0,1,0,0,0,0,0,1037,0
1038,1038,1,1,2,10,1,37,37,1,0,0,1,0,0,1,0,0,0,0,0,1038,0
1039,1039,1,1,2,1,1,37,37,1,0,0,1,0,0,1,0,0,0,0,0,1039,0
1040,1040,1,1,2,1,1,37,37,1,0,0,1,0,0,0,1,0,0,0,0,1040,0
1041,1041,1,1,2,2,1,37,37,1,0,0,1,0,0,0,1,0,0,0,0,1041,0
1042,1042,1,1,2,1,1,37,37,1,0,0,1,0,0,1,0,0,0,0,0,1042,0
1043,1043,1,1,2,1,1,37,37,1,0,0,1,0,1,0,0,0,0,0,0,1043,0
1044,1044,1,1,2,1,1,37,37,1,0,0,1,0,0,1,0,0,0,0,0,1044,0
1045,1045,1,2,3,89,1,37,37,1,0,0,1,0,0,1,0,0,0,0,0,1045,0
1046,1046,1,1,2,1,1,37,37,1,0,0,1,0,0,1,0,0,0,0,0,1046,0
1047,1047,1,1,2,1,1,30,30,1,0,0,1,0,1,0,0,0,0,0,0,1047,0
1048,1048,2,2,4,1,2,30,30,1,0,0,1,0,2,0,0,0,0,0,0,1048,0
1049,1049,1,1,2,1,1,30,30,1,0,0,1,0,0,0,0,1,0,0,0,1049,0
1050,1050,1,1,2,5,1,30,30,1,0,0,1,0,0,1,0,0,0,0,0,1050,0
1051,1051,1,1,2,1,1,30,30,1,0,0,1,0,0,0,0,1,0,0,0,1051,0
1052,1052,1,1,2,1,2,30,30,1,0,0,1,0,0,1,0,0,0,0,0,1052,0
1053,1053,1,1,2,2,1,30,30,1,0,0,1,0,0,1,0,0,0,0,0,1053,1
1054,1054,1,1,2,2,1,30,30,1,0,0,1,0,1,0,0,0,0,0,0,1054,0
1055,1055,1,1,2,4,1,30,30,1,0,0,1,0,0,1,0,0,0,0,0,1055,0
1056,1056,1,1,2,2,1,30,30,1,0,0,1,0,0,1,0,0,0,0,0,1056,0
1057,1057,1,1,1,1,1,30,30,1,0,0,1,0,0,1,0,0,0,0,0,1057,0
1058,1058,1,1,2,1,1,30,30,1,0,0,1,0,0,1,0,0,0,0,0,1058,0
1059,1059,1,1,2,1,1,30,30,1,0,0,1,0,0,0,1,0,0,0,0,1059,0
1060,1060,1,1,1,1,1,30,30,1,0,0,1,0,1,0,0,0,0,0,0,1060,0
1061,1061,1,1,2,1,1,30,30,1,0,0,1,0,1,0,0,0,0,0,0,1061,0
1062,1062,1,1,2,1,1,30,30,1,0,0,0,1,0,0,1,0,0,0,0,1062,0
1063,1063,1,1,2,1,1,30,30,1,0,0,1,0,0,1,0,0,0,0,0,1063,0
1064,1064,1,1,2,2,1,30,30,1,0,0,0,1,0,1,0,0,0,0,0,1064,0
1065,1065,1,1,2,1,1,30,30,1,0,0,1,0,1,0,0,0,0,0,0,1065,0
1066,1066,1,2,4,146,3,30,30,1,0,0,1,0,0,1,0,0,0,0,0,1066,0
1067,1067,1,2,3,8,1,30,30,1,0,0,1,0,0,1,0,0,0,0,0,1067,0
1068,1068,3,5,10,161,5,30,30,1,0,0,1,0,0,0,3,0,0,0,0,1068,0
1069,1069,1,1,2,1,1,30,30,1,0,0,1,0,1,0,0,0,0,0,0,1069,0
1070,1070,1,2,4,47,3,16,16,1,0,0,1,0,1,0,0,0,0,0,0,1070,0
1071,1071,1,1,1,1,1,16,16,1,0,0,1,0,1,0,0,0,0,0,0,1071,0
1072,1072,1,4,6,85,1,16,16,1,0,0,1,0,0,1,0,0,0,0,0,1072,0
1073,1073,2,4,8,1644,4,16,16,1,0,0,1,0,0,1,1,0,0,0,0,1073,0
1074,1074,1,1,1,1,1,16,16,1,0,0,1,0,1,0,0,0,0,0,0,1074,0
1075,1075,1,1,2,3,1,16,16,1,0,0,0,1,0,1,0,0,0,0,0,1075,0
1076,1076,1,1,2,1,1,16,16,1,0,0,1,0,1,0,0,0,0,0,0,1076,0
1077,1077,1,1,2,18,1,16,16,1,0,0,1,0,0,1,0,0,0,0,0,1077,0
1078,1078,1,1,2,2,1,16,16,1,0,0,1,0,0,1,0,0,0,0,0,1078,0
1079,1079,1,1,2,1,1,16,16,1,0,0,1,0,1,0,0,0,0,0,0,1079,0
1080,1080,1,1,2,1,1,16,16,1,0,0,1,0,0,0,0,1,0,0,0,1080,0
1081,1081,1,1,1,1,1,16,16,1,0,0,1,0,0,0,1,0,0,0,0,1081,0
1082,1082,1,1,1,1,1,16,16,0,1,0,0,0,1,0,0,0,0,0,0,1082,0
1083,1083,1,1,2,1,1,16,16,1,0,0,1,0,0,1,0,0,0,0,0,1083,0
1084,1084,1,1,2,1,1,16,16,1,0,0,1,0,0,1,0,0,0,0,0,1084,0
1085,1085,1,1,2,1,1,16,16,1,0,0,1,0,0,0,1,0,0,0,0,1085,0
1086,1086,1,1,2,1,1,16,16,1,0,0,1,0,0,1,0,0,0,0,0,1086,1
1087,1087,1,1,2,1,1,16,16,1,0,0,1,0,0,0,0,1,0,0,0,1087,0
1088,1088,1,1,2,1,1,16,16,1,0,0,0,0,1,0,0,0,0,0,0,1088,0
1089,1089,1,1,2,1,1,16,16,1,0,0,1,0,0,0,0,1,0,0,0,1089,0
1090,1090,1,1,2,10,1,16,16,1,0,0,1,0,0,1,0,0,0,0,0,1090,0
1091,1091,1,2,4,682,3,16,16,1,0,0,1,0,0,1,0,0,0,0,0,1091,0
1092,1092,1,1,2,2,1,16,16,1,0,0,1,0,0,1,0,0,0,0,0,1092,0
1093,1093,1,1,2,2,1,16,16,1,0,0,1,0,0,0,1,0,0,0,0,1093,0
1094,1094,2,2,4,3,2,16,16,1,0,0,1,0,0,2,0,0,0,0,0,1094,0
1095,1095,1,2,4,41,1,16,16,1,0,0,1,0,0,1,0,0,0,0,0,1095,0
1096,1096,1,1,2,1,1,16,16,1,0,0,1,0,0,0,1,0,0,0,0,1096,1
1097,1097,1,1,2,2,1,16,16,1,0,0,1,0,0,0,1,0,0,0,0,1097,0
1098,1098,1,1,2,1,1,16,16,1,0,0,1,0,0,0,1,0,0,0,0,1098,0
1099,1099,1,1,2,1,1,16,16,1,0,0,1,0,1,0,0,0,0,0,0,1099,1
1100,1100,3,3,8,3,5,16,16,1,0,0,1,0,0,3,0,0,0,0,0,1100,0
1101,1101,1,3,6,137,3,16,16,1,0,0,1,0,0,0,1,0,0,0,0,1101,0
1102,1102,1,1,2,1,1,16,16,1,0,0,1,0,0,0,1,0,0,0,0,1102,0
1103,1103,1,3,5,114,4,16,16,1,0,0,1,0,0,1,0,0,0,0,0,1103,0
1104,1104,1,1,2,1,1,16,16,1,0,0,1,0,0,1,0,0,0,0,0,1104,0
1105,1105,1,1,2,1,1,23,23,1,0,0,1,0,0,1,0,0,0,0,0,1105,0
1106,1106,1,1,2,1,1,23,23,1,0,0,1,0,1,0,0,0,0,0,0,1106,0
1107,1107,1,1,2,2,1,23,23,1,0,0,1,0,0,1,0,0,0,0,0,1107,0
1108,1108,1,1,2,1,1,23,23,1,0,0,1,0,0,1,0,0,0,0,0,1108,0
1109,1109,1,1,2,5,1,23,23,1,0,0,0,1,1,0,0,0,0,0,0,1109,0
1110,1110,1,1,2,1,1,23,23,1,0,0,1,0,0,0,1,0,0,0,0,1110,0
1111,1111,1,1,2,1,1,23,23,1,0,0,1,0,0,0,1,0,0,0,0,1111,0
1112,1112,1,1,2,3,1,23,23,1,0,0,1,0,1,0,0,0,0,0,0,1112,0
1113,1113,1,1,2,1,1,23,23,1,0,0,1,0,0,1,0,0,0,1,0,1113,0
1114,1114,1,1,2,1,1,23,23,1,0,0,1,0,0,1,0,0,0,0,0,1114,0
1115,1115,1,1,2,1,1,23,23,1,0,0,1,0,0,1,0,0,0,0,0,1115,0
1116,1116,2,4,8,746,4,23,23,1,0,0,1,0,0,2,0,0,0,0,0,1116,0
1117,1117,1,1,2,4,1,23,23,1,0,0,1,0,0,1,0,0,0,0,0,1117,0
1118,1118,1,3,6,260,5,23,23,1,0,0,1,0,1,0,0,0,0,0,0,1118,0
1119,1119,1,1,2,1,1,23,23,1,0,0,1,0,0,0,0,1,0,0,0,1119,0
1120,1120,1,1,2,2,1,23,23,1,0,0,1,0,0,1,0,0,0,0,0,1120,0
1121,1121,1,1,2,2,1,23,23,1,0,0,1,0,0,0,1,0,0,0,0,1121,0
1122,1122,1,1,2,1,1,23,23,1,0,0,1,0,0,1,0,0,0,0,0,1122,0
1123,1123,1,1,1,1,1,23,23,1,0,0,0,1,0,1,0,0,0,0,0,1123,0
1124,1124,3,5,10,354,5,23,23,1,0,0,1,0,0,3,0,0,0,0,0,1124,0
1125,1125,1,1,2,1,1,23,23,1,0,0,1,0,1,0,0,0,0,0,0,1125,0
1126,1126,1,1,1,1,1,23,23,0,1,0,0,0,0,0,0,1,0,0,0,1126,0
1127,1127,1,1,2,1,1,23,23,1,0,0,1,0,0,1,0,0,0,0,0,1127,0
1128,1128,2,3,6,3,3,23,23,1,0,0,1,0,1,1,0,0,0,0,0,1128,0
1129,1129,1,1,2,1,1,23,23,1,0,0,1,0,0,0,1,0,0,0,0,1129,0
1130,1130,1,2,4,28,3,23,23,1,0,0,1,0,0,1,0,0,0,0,0,1130,0
1131,1131,1,1,3,2,1,23,23,1,0,0,1,0,0,0,0,1,0,0,0,1131,0
1132,1132,1,1,2,1,1,23,23,1,0,0,1,0,0,1,0,0,0,0,0,1132,0
1133,1133,1,1,2,1,1,23,23,1,0,0,0,1,0,1,0,0,0,1,0,1133,0
1134,1134,1,1,2,1,1,23,23,1,0,0,1,0,0,0,1,0,0,0,0,1134,0
1135,1135,1,2,4,92,1,23,23,1,0,0,1,0,0,1,0,0,0,0,0,1135,0
1136,1136,1,1,2,1,1,10,10,1,0,0,1,0,0,0,0,1,0,0,0,1136,0
1137,1137,1,1,2,12,1,10,10,1,0,0,1,0,0,1,0,0,0,0,0,1137,0
1138,1138,1,1,3,9,3,10,10,1,0,0,1,0,0,0,0,1,0,0,0,1138,1
1139,1139,1,1,2,5,1,10,10,1,0,0,1,0,0,1,0,0,0,0,0,1139,0
1140,1140,2,2,6,110,3,10,10,1,0,0,0,0,2,0,0,0,0,0,0,1140,0
1141,1141,1,1,2,4,1,10,10,1,0,0,1,0,0,1,0,0,0,0,0,1141,0
1142,1142,1,1,2,2,1,10,10,1,0,0,1,0,0,1,0,0,0,0,0,1142,0
1143,1143,1,1,2,1,1,10,10,1,0,0,1,0,0,0,1,0,0,0,0,1143,0
1144,1144,2,2,6,4,4,10,10,1,0,0,1,0,0,0,2,0,0,0,0,1144,1
1145,1145,1,1,1,1,1,10,10,1,0,0,1,0,0,0,0,1,0,0,0,1145,0
1146,1146,1,2,4,124,1,10,10,1,0,0,1,0,0,0,1,0,0,0,0,1146,0
1147,1147,1,1,2,1,1,10,10,1,0,0,0,1,0,0,1,0,0,0,0,1147,0
1148,1148,1,1,2,1,1,10,10,1,0,0,1,0,0,0,0,1,0,0,0,1148,0
1149,1149,1,1,2,2,1,44,44,1,0,0,1,0,0,0,1,0,0,0,0,1149,0
1150,1150,1,1,2,1,1,44,44,1,0,0,1,0,0,0,1,0,0,0,0,1150,0
1151,1151,2,3,6,128,4,44,44,1,0,0,0,0,0,2,0,0,0,0,0,1151,0
1152,1152,2,4,8,28,4,44,44,1,0,0,1,0,0,2,0,0,0,0,0,1152,0
1153,1153,1,1,2,1,1,44,44,1,0,0,1,0,0,0,1,0,0,0,0,1153,0
1154,1154,1,1,2,2,1,44,44,1,0,0,1,0,0,0,1,0,0,0,0,1154,0
1155,1155,1,1,1,1,1,44,44,1,0,0,1,0,0,1,0,0,0,0,0,1155,0
1156,1156,1,1,2,1,1,44,44,1,0,0,1,0,0,0,1,0,0,0,0,1156,0
1157,1157,1,1,2,2,1,44,44,1,0,0,1,0,0,0,1,0,0,0,0,1157,0
1158,1158,1,1,2,1,1,44,44,1,0,0,1,0,0,1,0,0,0,0,0,1158,0
1159,1159,1,1,2,1,1,44,44,1,0,0,1,0,0,1,0,0,0,0,0,1159,0
1160,1160,1,1,2,1,1,44,44,1,0,0,1,0,0,1,0,0,0,0,0,1160,0
1161,1161,1,3,4,154,1,44,44,1,0,0,1,0,0,1,0,0,0,0,0,1161,0
1162,1162,2,4,12,38,5,44,44,1,0,0,1,0,2,0,0,0,2,0,0,1162,0
1163,1163,1,1,2,1,1,44,44,1,0,0,1,0,0,0,1,0,1,0,0,1163,0
1164,1164,1,1,2,1,1,44,44,1,0,0,1,0,0,0,1,0,0,0,0,1164,0
1165,1165,1,2,4,30,3,44,44,1,0,0,1,0,0,0,1,0,0,0,0,1165,0
1166,1166,1,1,2,1,1,44,44,1,0,0,1,0,1,0,0,0,0,0,0,1166,0
1167,1167,1,2,4,642,4,44,44,1,0,0,1,0,1,0,0,0,0,0,0,1167,0
1168,1168,1,1,2,1,1,44,44,1,0,0,1,0,0,1,0,0,0,0,0,1168,0
1169,1169,1,1,2,2,1,44,44,1,0,0,1,0,0,1,0,0,0,0,0,1169,0
1170,1170,1,185,186,5313,1,44,44,1,0,0,1,0,0,1,0,0,0,0,0,1170,0
1171,1171,2,4,8,138,4,44,44,1,0,0,1,0,0,2,0,0,0,0,0,1171,0
1172,1172,1,1,2,1,1,44,44,1,0,0,1,0,0,0,1,0,0,0,0,1172,0
1173,1173,1,1,2,4,1,44,44,1,0,0,1,0,0,1,0,0,0,0,0,1173,0
1174,1174,1,1,2,1,1,44,44,1,0,0,1,0,1,0,0,0,1,0,0,1174,0
1175,1175,3,9,18,366,9,44,44,1,0,0,1,0,0,3,0,0,0,0,0,1175,0
1176,1176,2,1,3,4,2,44,44,1,0,0,1,0,0,1,1,0,0,0,0,1176,0
1177,1177,1,1,2,1,1,44,44,1,0,0,1,0,0,1,0,0,0,0,0,1177,0
1178,1178,2,4,8,734,4,44,44,1,0,0,1,0,0,0,2,0,0,0,0,1178,0
1179,1179,1,1,1,1,1,44,44,1,0,0,1,0,1,0,0,0,0,0,0,1179,0
1180,1180,1,1,2,1,1,44,44,1,0,0,0,1,0,0,1,0,0,0,0,1180,0
1181,1181,1,1,2,1,1,44,44,1,0,0,1,0,1,0,0,0,0,0,0,1181,0
1182,1182,2,4,8,6,4,44,44,1,0,0,1,0,2,0,0,0,2,0,0,1182,0
1183,1183,1,1,2,1,1,5,5,1,0,0,1,0,1,0,0,0,0,0,0,1183,0
1184,1184,1,1,2,1,1,5,5,1,0,0,1,0,0,0,1,0,0,0,0,1184,1
1185,1185,1,1,2,2,1,5,5,1,0,0,0,1,1,0,0,0,0,0,0,1185,0
1186,1186,1,1,2,1,1,5,5,1,0,0,1,0,1,0,0,0,0,0,0,1186,0
1187,1187,1,1,2,4,1,5,5,1,0,0,1,0,0,1,0,0,0,0,0,1187,1
1188,1188,1,1,1,1,1,5,5,0,0,1,0,0,0,0,0,1,0,0,0,1188,0
1189,1189,1,1,2,1,1,5,5,1,0,0,1,0,0,1,0,0,0,0,0,1189,0
1190,1190,1,1,2,2,1,5,5,1,0,0,1,0,0,1,0,0,0,0,0,1190,0
1191,1191,1,1,2,1,1,5,5,1,0,0,1,0,0,0,0,1,0,0,0,1191,0
1192,1192,1,1,2,1,1,5,5,1,0,0,1,0,1,0,0,0,0,0,0,1192,1
1193,1193,1,1,2,1,1,5,5,1,0,0,1,0,1,0,0,0,0,0,0,1193,1
1194,1194,1,1,2,1,1,5,5,1,0,0,1,0,0,1,0,0,0,0,0,1194,0
1195,1195,1,1,2,1,1,5,5,1,0,0,1,0,0,0,1,0,0,0,0,1195,0
1196,1196,1,1,2,8,1,5,5,1,0,0,1,0,0,0,0,1,0,0,0,1196,1
1197,1197,1,1,2,2,1,5,5,1,0,0,1,0,0,0,1,0,0,0,0,1197,0
1198,1198,1,1,1,1,1,5,5,1,0,0,1,0,0,1,0,0,0,0,0,1198,0
1199,1199,1,1,2,1,1,5,5,1,0,0,1,0,0,1,0,0,0,0,0,1199,0
1200,1200,1,1,2,1,1,5,5,1,0,0,1,0,0,1,0,0,0,1,0,1200,1
1201,1201,1,1,2,1,1,5,5,1,0,0,1,0,0,0,1,0,0,0,0,1201,0
1202,1202,1,1,2,1,1,5,5,1,0,0,1,0,0,1,0,0,0,0,0,1202,0
1203,1203,1,1,2,1,1,5,5,1,0,0,1,0,0,1,0,0,1,0,0,1203,0
1204,1204,1,1,2,3,1,5,5,1,0,0,1,0,1,0,0,0,0,0,0,1204,0
1205,1205,1,1,2,1,1,5,5,1,0,0,1,0,0,1,0,0,0,0,0,1205,1
1206,1206,1,1,2,2,1,5,5,1,0,0,1,0,0,1,0,0,1,0,0,1206,0
1207,1207,2,4,8,44,4,5,5,1,0,0,1,0,2,0,0,0,0,0,0,1207,1
1208,1208,1,2,4,49,1,5,5,1,0,0,1,0,0,1,0,0,0,0,0,1208,0
1209,1209,1,1,2,1,1,25,25,1,0,0,1,0,1,0,0,0,0,0,0,1209,0
1210,1210,1,1,2,1,1,25,25,1,0,0,0,0,0,1,0,0,0,0,0,1210,0
1211,1211,1,1,2,1,1,25,25,1,0,0,1,0,1,0,0,0,0,0,0,1211,1
1212,1212,1,1,2,1,1,25,25,1,0,0,0,1,0,0,1,0,1,0,0,1212,0
1213,1213,1,1,2,1,1,25,25,1,0,0,0,0,1,0,0,0,0,0,0,1213,0
1214,1214,1,1,2,3,1,25,25,1,0,0,1,0,0,1,0,0,0,0,0,1214,0
1215,1215,1,1,2,1,1,25,25,1,0,0,1,0,1,0,0,0,0,0,0,1215,0
1216,1216,1,1,2,1,1,25,25,1,0,0,1,0,1,0,0,0,0,0,0,1216,0
1217,1217,1,1,2,1,1,25,25,1,0,0,0,0,0,0,1,0,0,0,0,1217,0
1218,1218,1,1,3,1,3,25,25,0,1,0,1,0,0,1,0,0,0,0,0,1218,1
1219,1219,1,1,2,1,1,25,25,0,0,1,1,0,0,0,1,0,0,0,0,1219,0
1220,1220,1,1,2,4,1,18,18,1,0,0,0,1,0,0,1,0,0,0,0,1220,0
1221,1221,1,1,2,1,1,18,18,1,0,0,1,0,0,0,0,1,0,0,0,1221,0
1222,1222,1,4,5,276,1,18,18,1,0,0,1,0,0,1,0,0,0,0,0,1222,0
1223,1223,1,1,2,1,1,18,18,1,0,0,1,0,0,0,1,0,0,0,0,1223,0
1224,1224,1,1,2,1,1,18,18,1,0,0,1,0,0,0,0,1,0,0,0,1224,0
1225,1225,1,1,2,2,1,18,18,1,0,0,1,0,0,0,1,0,0,0,0,1225,0
1226,1226,1,1,2,2,1,18,18,1,0,0,1,0,0,1,0,0,0,0,0,1226,0
1227,1227,1,1,2,3,1,18,18,1,0,0,1,0,0,1,0,0,1,0,0,1227,0
1228,1228,1,1,2,1,1,18,18,0,1,0,1,0,0,0,1,0,0,0,0,1228,1
1229,1229,1,1,2,1,1,18,18,1,0,0,1,0,0,0,1,0,0,0,0,1229,0
1230,1230,1,1,2,1,1,18,18,1,0,0,1,0,1,0,0,0,0,0,0,1230,0
1231,1231,1,1,2,1,1,18,18,1,0,0,1,0,0,1,0,0,0,0,0,1231,0
1232,1232,1,1,2,3,1,18,18,1,0,0,1,0,0,1,0,0,0,0,0,1232,0
1233,1233,1,1,2,1,1,18,18,1,0,0,1,0,1,0,0,0,0,0,0,1233,0
1234,1234,1,1,2,2,1,18,18,1,0,0,1,0,0,1,0,0,0,0,0,1234,0
1235,1235,2,4,8,266,4,18,18,1,0,0,1,0,0,2,0,0,0,0,0,1235,1
1236,1236,1,1,2,2,1,32,32,1,0,0,0,1,0,0,1,0,0,0,0,1236,0
1237,1237,1,1,2,1,1,32,32,1,0,0,1,0,0,1,0,0,0,0,0,1237,0
1238,1238,1,1,2,1,1,32,32,1,0,0,1,0,0,0,1,0,0,0,0,1238,0
1239,1239,1,1,2,2,1,32,32,1,0,0,1,0,1,0,0,0,0,0,0,1239,0
1240,1240,1,1,2,1,1,32,32,1,0,0,1,0,1,0,0,0,0,0,0,1240,0
1241,1241,1,1,2,1,1,46,46,1,0,0,1,0,1,0,0,0,0,0,0,1241,0
1242,1242,1,1,2,6,1,46,46,1,0,0,1,0,0,0,0,1,0,0,0,1242,0
1243,1243,1,1,2,1,1,46,46,1,0,0,1,0,0,0,1,0,0,0,0,1243,0
1244,1244,1,1,2,1,1,46,46,1,0,0,1,0,0,0,1,0,0,0,0,1244,0
1245,1245,1,1,2,1,1,46,46,1,0,0,1,0,0,1,0,0,0,0,0,1245,0
1246,1246,1,2,4,270,1,46,46,0,1,0,0,0,0,1,0,0,0,1,0,1246,0
1247,1247,1,1,2,1,1,46,46,1,0,0,0,0,0,1,0,0,0,0,0,1247,0
1248,1248,1,303,304,54377,1,46,46,1,0,0,1,0,1,0,0,0,1,0,0,1248,0
1249,1249,1,1,2,1,1,46,46,1,0,0,1,0,0,0,0,1,0,1,0,1249,0
1250,1250,1,1,2,7,1,46,46,1,0,0,0,1,0,1,0,0,0,0,0,1250,0
1251,1251,1,1,2,1,1,46,46,1,0,0,1,0,0,0,0,1,0,0,0,1251,0
1252,1252,1,1,2,1,1,46,46,1,0,0,1,0,0,1,0,0,0,0,0,1252,0
1253,1253,1,1,2,1,1,46,46,1,0,0,1,0,0,1,0,0,0,0,0,1253,0
1254,1254,1,1,2,1,1,46,46,1,0,0,1,0,0,0,1,0,0,0,0,1254,0
1255,1255,1,1,2,2,1,12,12,1,0,0,1,0,0,1,0,0,0,0,0,1255,0
1256,1256,1,1,2,3,1,12,12,1,0,0,1,0,1,0,0,0,0,0,0,1256,0
1257,1257,1,1,1,1,1,12,12,1,0,0,0,0,0,0,0,1,0,0,0,1257,0
1258,1258,1,1,3,1,1,12,12,1,0,0,1,0,0,1,0,0,0,0,0,1258,0
1259,1259,2,2,4,2,2,12,12,1,0,0,1,0,2,0,0,0,0,0,0,1259,1
1260,1260,1,2,4,197,3,12,12,1,0,0,1,0,0,1,0,0,0,0,0,1260,0
1261,1261,1,1,2,2,1,12,12,1,0,0,1,0,1,0,0,0,0,0,0,1261,1
1262,1262,1,1,2,1,1,12,12,1,0,0,1,0,0,1,0,0,0,0,0,1262,0
1263,1263,1,1,2,1,1,12,12,1,0,0,1,0,0,1,0,0,0,0,0,1263,0
1264,1264,1,1,2,1,1,12,12,1,0,0,1,0,0,1,0,0,0,0,0,1264,0
1265,1265,1,1,2,2,1,12,12,1,0,0,1,0,0,1,0,0,0,0,0,1265,0
1266,1266,1,1,2,1,1,12,12,1,0,0,1,0,0,1,0,0,0,0,0,1266,0
1267,1267,1,1,2,1,1,12,12,1,0,0,1,0,1,0,0,0,0,0,0,1267,0
1268,1268,1,1,2,1,1,12,12,1,0,0,1,0,0,1,0,0,0,0,0,1268,0
1269,1269,1,1,1,1,1,12,12,1,0,0,1,0,1,0,0,0,0,0,0,1269,0
1270,1270,2,4,8,548,4,12,12,1,0,0,1,0,0,0,2,0,0,0,0,1270,1
1271,1271,1,1,1,1,1,12,12,1,0,0,1,0,0,0,1,0,0,0,0,1271,0
1272,1272,1,1,2,4,1,12,12,1,0,0,1,0,1,0,0,0,0,0,0,1272,0
1273,1273,1,1,2,1,1,12,12,1,0,0,1,0,0,1,0,0,0,0,0,1273,0
1274,1274,3,9,18,54,9,12,12,1,0,0,1,0,0,0,3,0,0,0,0,1274,0
1275,1275,1,1,2,1,1,12,12,1,0,0,1,0,0,1,0,0,0,0,0,1275,0
1276,1276,1,1,2,1,1,12,12,1,0,0,1,0,0,1,0,0,0,0,0,1276,0
1277,1277,1,1,2,1,1,12,12,1,0,0,1,0,0,1,0,0,0,0,0,1277,0
1278,1278,1,1,2,40,1,12,12,1,0,0,1,0,0,0,0,1,0,0,0,1278,0
1279,1279,1,1,2,1,1,12,12,1,0,0,1,0,0,1,0,0,0,0,0,1279,0
1280,1280,1,1,2,2,1,12,12,1,0,0,1,0,0,0,1,0,0,0,0,1280,0
1281,1281,1,1,2,1,1,12,12,1,0,0,1,0,0,0,1,0,0,0,0,1281,0
1282,1282,1,2,4,245,1,12,12,1,0,0,1,0,0,0,1,0,0,0,0,1282,0
1283,1283,1,1,2,1,1,12,12,1,0,0,1,0,0,1,0,0,0,0,0,1283,0
1284,1284,1,2,3,37,1,39,39,1,0,0,1,0,0,0,0,1,0,0,0,1284,0
1285,1285,1,1,2,3,1,39,39,1,0,0,1,0,0,1,0,0,0,0,0,1285,0
1286,1286,1,1,2,2,1,39,39,1,0,0,1,0,1,0,0,0,0,0,0,1286,0
1287,1287,1,1,1,1,1,39,39,1,0,0,1,0,1,0,0,0,0,0,0,1287,0
1288,1288,1,1,2,1,1,39,39,1,0,0,1,0,0,0,0,1,0,0,0,1288,0
1289,1289,1,1,2,1,1,39,39,1,0,0,1,0,0,0,1,0,0,0,0,1289,0
1290,1290,1,1,2,1,1,39,39,1,0,0,1,0,0,1,0,0,0,0,0,1290,0
1291,1291,1,1,2,1,1,39,39,1,0,0,1,0,0,0,1,0,0,0,0,1291,0
1292,1292,1,3,6,41,3,39,39,1,0,0,1,0,0,1,0,0,0,0,0,1292,0
1293,1293,1,1,2,1,1,39,39,1,0,0,1,0,0,1,0,0,0,0,0,1293,0
1294,1294,1,1,2,1,1,39,39,1,0,0,1,0,0,0,0,1,0,0,0,1294,0
1295,1295,1,1,2,1,1,39,39,1,0,0,1,0,0,1,0,0,0,0,0,1295,0